"OZZ17","TER17","OB17","Profil17","PW17","NW17","Aktywa17","OZN17","OZU17","OZW17","Nazwa_IZFiA"
"3.95","6.01","5.11","akcji",100,100,"30.1","4",0,"10%","AGIO Agresywny Spó³ek Wzrostowych"
"4","2.27","3.9","akcji",100,100,"13.4","4",0,"10%","AGIO AKCJI PLUS"
"4","6.55","5.29","absolutnej stopy zwrotu",100,100,"28.1","4",0,"20%","Agio Globalny"
"1.5","1.61","1.59","d³u¿ne",160000,5000,"334.4","1",0,"20%","Agio Kapita³"
"1.6","1.9","1.8","d³u¿ne",100,100,"132.8","1",0,"10%","AGIO Kapita³ PLUS"
"3.5","7.35","6.65","akcji",200,100,"4.9","4",0,"10%","Alior Agresywny"
"3.5","7.53","6.75","mieszane",200,100,"3.8","4",0,"","Alior Multi Asset"
"1.5","2.86","2.38","d³u¿ne",200,100,"17","1",0,"20%","Alior Papierów D³u¿nych"
"0.6","0","1.22","pieniê¿ne",200,100,"7.6","0",0,"20%","Alior Pieniê¿ny"
"4","5.96","5.28","akcji",200,100,"9.9","4",0,"","Alior Stabilnych Spó³ek"
"4","4","4.1","akcji",200,50,"285.1","4",0,"","subfundusz Allianz Akcji"
"2.5","2.59","2.57","akcji",500,100,"4.1","4",0,"10%","subfundusz Allianz Akcji Azjatyckich"
"3","3.47","3.47","akcji",200,50,"20.5","4",0,"","Subfundusz Allianz Akcji Globalnych"
"4","4.15","4.16","akcji",200,50,"149","4",0,"","subfundusz Allianz Akcji Ma³ych i Œrednich Spó³ek"
"3.75","3.55","3.89","mieszane",200,50,"144.1","3",0,"","subfundusz Allianz Aktywnej Alokacji"
"1.5","1.75","1.86","mieszane",500,100,"4.4","3",0,"","Subfundusz Allianz Defensywna Multistrategia"
"2.5","3.03","3.21","mieszane",500,100,"5","4",0,"","Subfundusz Allianz Dynamiczna Multistrategia"
"2.5","3.29","3.29","akcji",500,100,"5.8","4",0,"","Subfundusz Allianz Dywidendowy Akcji Europejskich"
"2.5","1.41","2.56","akcji",500,100,"13.2","4",0,"","Subfundusz Allianz Europe Equity Growth Select"
"1.5","","1.81","d³u¿ne",500,100,"10.8","3",0,"",NA
"2","2.59","2.59","mieszane",200,50,"50.6","3",0,"","Subfundusz Allianz Globalny Stabilnego Dochodu"
"2.5","0","0.72","akcji",500,100,"6.6","4",0,"","Subfundusz Allianz India Equity"
"2.5","2.74","2.95","akcji",500,100,"10.6","4",0,"","Subfundusz Allianz Ma³ych Spó³ek Europejskich"
"1.5","1.56","1.74","d³u¿ne",200,50,"22.2","1",0,"","Subfundusz Allianz Obligacji Globalnych"
"1.5","1.21","1.59","d³u¿ne",200,50,"246.3","1",0,"","subfundusz Allianz Obligacji Plus"
"1","0.97","1.07","pieniê¿ne",200,50,"343","0",0,"","subfundusz Allianz Pieniê¿ny"
"1","0.51","0.85","pieniê¿ne",500,100,"24.8","1",0,"","Subfundusz Allianz Pieniê¿ny Globalny"
"1.55","","2.8","d³u¿ne",500,100,"22.3","3",0,"","Allianz SFIO PIMCO Emerging Local Bond"
"1.55","","1.6","d³u¿ne",500,100,"28.6","3",0,"","Allianz SFIO PIMCO Emerging Markets Bond"
"1.55","","2.4","d³u¿ne",500,100,"6.8","3",0,"","Allianz SFIO PIMCO Global Bond"
"1.55","","1.58","d³u¿ne",500,100,"72.3","3",0,"","Allianz SFIO PIMCO Global High Yield Bond"
"1.55","","1.49","d³u¿ne",500,100,"6.3","3",0,"","Allianz SFIO PIMCO Global Investment Grade Credit"
"1.55","0.69","1.3","d³u¿ne",500,100,"15.5","3",0,"","Subfundusz PIMCO Global Low Duration Real Return"
"1.55","","1.75","d³u¿ne",500,100,"97.4","3",0,"","Allianz SFIO PIMCO Income"
"1.5","1.63","1.64","d³u¿ne",200,50,"104.9","1",0,"","subfundusz Allianz Polskich Obligacji Skarbowych"
"4","4.2","4.21","akcji",200,50,"114.1","4",0,"","subfundusz Allianz Selektywny"
"3.5","3.53","3.59","mieszane",200,50,"252.3","3",0,"","subfundusz Allianz Stabilnego Wzrostu"
"3","3.68","3.6","inne",200,50,"27.2","4",0,"","Subfundusz Allianz Surowców i Energii"
"2.5","1.89","3.41","akcji",500,NA,"","0",0,"",NA
"1.5","","1.06","d³u¿ne",500,100,"75.1","1",0,"","Subfundusz US Short Duration High Income Bond"
"2","","2.41","mieszane",500,100,"4.6","4",0,"","Subfundusz Allianz Zbalansowana Multistrategia"
"1.5","1.64","1.53","absolutnej stopy zwrotu",1000,100,"470.6","2",0,"20%","Altus FIO Parasolowy Subfundusz Absolutnej Stopy Zwrotu D³u¿ny"
"2.8","4.1","3.88","absolutnej stopy zwrotu",1000,100,"56.8","4",0,"20%","Altus FIO Parasolowy Subfundusz Absolutnej Stopy Zwrotu Nowej Europy"
"3.6","3.87","3.25","absolutnej stopy zwrotu",1000,100,"290.2","4",0,"20%","Altus FIO Parasolowy Subfundusz Absolutnej Stopy Zwotu Rynku Polskiego"
"3.6","4.07","3.3","akcji",1000,100,"53","4",0,"20%","Altus FIO Parasolowy Subfundusz Akcji"
"3.25","4.48","3.71","mieszane",1000,100,"14.1","3",0,"20%","Altus FIO Parasolowy Subfundusz Aktywnego Zarz¹dzania"
"2.8","3.49","3.02","absolutnej stopy zwrotu",1000,100,"19.6","3",0,"20%","Altus FIO Parasolowy Subfundusz Optymalnego Wzrostu"
"0.95","1.13","1.08","pieniê¿ne",1000,100,"178.1","0",0,"20%","Altus FIO Parasolowy Subfundusz Pieniê¿ny"
"3.6","3.74","3.57","akcji",1000,100,"9.3","4",0,"20%","Altus FIO Parasolowy Subfundusz Short"
"3.5","4.22","4.1","akcji",500,100,"25.1","5",0,"20%","Amundi Subfundusz Akcji Ma³ych i Œrednich Spó³ek"
"3.3","3.89","3.87","akcji",500,100,"23.4","5",0,"20%","Amundi Subfundusz Akcyjny"
"2","2.22","2.14","mieszane",500,100,"111.2","5",0,"20%","Amundi Subfundusz Globalnych Perspektyw"
"1.2","1.49","1.5","d³u¿ne",500,100,"88.5","5",0,"20%","Amundi Subfundusz Obligacji"
"0.3","0.55","0.55","pieniê¿ne",500,100,"432.8","5",0,"","Amundi Subfundusz P³ynnoœciowy"
"2.25","2.59","2.54","mieszane",500,100,"134.8","5",0,"20%","Amundi Subfundusz Stabilnego Wzrostu"
"2.75","3.46","3.38","mieszane",500,100,"23","5",0,"20%","Amundi Subfundusz Zrównowa¿ony"
"4","3.78","4.03","akcji",1000,500,"1159.9","3",1,"","Arka BZ WBK Akcji Polskich Subfundusz"
"4","4.39","4.25","akcji",1000,500,"181.4","3",1,"","Arka BZ WBK Akcji Œrodkowej i Wschodniej Europy Subfundusz"
"4","4.57","4.27","akcji",1000,500,"144","3",1,"","Arka BZ WBK Akcji Tureckich Subfundusz"
"1","0.93","1.01","pieniê¿ne",1000,500,"1725.9","3",1,"","Arka BZ WBK Gotówkowy Subfundusz"
"1.6","1.54","1.65","d³u¿ne",1000,500,"100.3","3",1,"","Arka BZ WBK Obligacji Europejskich Subfundusz"
"1.9","1.7","1.82","d³u¿ne",1000,500,"2501.9","3",1,"","Arka BZ WBK Obligacji Korporacyjnych Subfundusz"
"1.7","1.65","1.71","d³u¿ne",1000,500,"968.1","3",1,"","Arka BZ WBK Obligacji Skarbowych Subfundusz"
"2.9","2.6","2.93","mieszane",1000,500,"846","3",1,"","Arka BZ WBK Stabilnego Wzrostu Subfundusz"
"3.4","3.17","3.43","mieszane",1000,500,"1030.3","3",1,"","Arka BZ WBK Zrównowa¿ony Subfundusz"
"2.8","2.76","3.41","mieszane",1000,500,"70.4","3",1,"","Arka Platinum Dynamiczny"
"1.8","1.48","1.82","mieszane",1000,500,"221.3","3",1,"","Arka Platinum Konserwatywny"
"2.3","2.08","2.35","mieszane",1000,500,"109.7","3",1,"","Arka Platinum Stabilny"
"2.5","3.26","3.28","akcji",10000,1000,"148.3","2",1,"","Arka Presti¿ Akcji Europejskich"
"3","3.04","3.02","akcji",10000,1000,"410.6","2",1,"","Arka Presti¿ Akcji Polskich Subfundusz"
"3","4.45","3.39","akcji",10000,1000,"40.1","2",1,"","Arka Presti¿ Akcji Œrodkowej i Wschodniej Europy Subfundusz"
"2.5","3.13","2.63","akcji",10000,1000,"48.2","2",1,"","Arka Presti¿ Europejskich Spó³ek Dywidendowych"
"0.8","0.97","0.95","pieniê¿ne",10000,1000,"336.8","2",1,"","Arka Presti¿ Gotówkowy"
"1.8","1.69","1.72","d³u¿ne",10000,1000,"3511.4","2",1,"","Arka Presti¿ Obligacji Korporacyjnych Subfundusz"
"1.5","1.5","1.51","d³u¿ne",10000,1000,"330","2",1,"","Arka Presti¿ Obligacji Skarbowych Subfundusz"
"4","4.67","4.36","akcji",1000,100,"10","5",0,"",NA
"2","2.65","3.25","akcji",1000,100,"11.2","5",0,"",NA
"2","2.23","2.05","mieszane",1000,100,"129.7","1",0,"10%","Aviva Investors FIO Aktywnej Alokacji"
"1","1.01","1.01","pieniê¿ne",1000,100,"186.2","1",0,"","Aviva Investors Depozyt Plus"
"1","1.15","1.02","d³u¿ne",1000,100,"1032","1",0,"10%","Aviva Investors D³u¿nych Papierów Korporacyjnych"
"4","4.02","4.03","akcji",1000,100,"188.1","5",0,"","Aviva Investors Ma³ych Spó³ek"
"4","4.13","4.04","akcji",1000,100,"171.8","5",0,"","Aviva Investors Nowoczesnych Technologii"
"4","4.09","4.04","akcji",1000,100,"141.2","5",0,"","Aviva Investors Nowych Spó³ek"
"1.75","1.75","1.76","d³u¿ne",1000,100,"709.7","2",0,"","Aviva Investors  Obligacji"
"1.5","1.8","1.52","d³u¿ne",1000,100,"625.2","2",0,"10%","Aviva Investors Obligacji Dynamiczny"
"1.75","1.97","1.98","d³u¿ne",1000,100,"4.1","2",0,"20%","Aviva Investors Obligacji Zamiennych"
"2.5","2.55","2.55","mieszane",1000,100,"69","3",0,"","Aviva Investors Ochrony Kapita³u Plus"
"2.5","2.57","2.57","mieszane",1000,100,"31","4",0,"10%","Aviva Investors Optymalnego Wzrostu"
"4","4.05","4.02","akcji",1000,100,"873.7","5",0,"","Aviva Investors  Polskich Akcji"
"0.25","","0.27","d³u¿ne",500000,1000,"228.4","0",0,"","Aviva Investors Lokacyjny"
"3","3.03","3.02","mieszane",1000,100,"326.3","3",0,"","Aviva Investors  Stabilnego Inwestowania"
"3.5","3.57","3.56","mieszane",1000,100,"88.7","0",0,"","Aviva Investors Zrównowa¿ony"
"0.95","0.9","1.59","absolutnej stopy zwrotu",1000,100,"276.9","0",0,"","Aviva Oszczêdnoœciowy"
"4","4.23","4.15","akcji",500,100,"277","5",0,"","AXA FIO Subfundusz Akcji"
"4","4.29","3.98","akcji",500,100,"99.1","5",0,"","AXA FIO Subfundusz Akcji Ma³ych I Œrednich Spó³ek"
"1.9","4.25","3.99","akcji",500,100,"64.1","5",0,"","AXA FIO Subfundusz Akcji Spó³ek Dywidendowych"
"0.8","0.89","0.89","pieniê¿ne",500,100,"356.5","0",0,"","AXA FIO Subfundusz Lokacyjny"
"1.5","1.58","1.58","d³u¿ne",500,100,"519.9","2",0,"","AXA FIO Subfundusz Obligacji"
"1.5","1.65","1.64","d³u¿ne",500,100,"110.4","2",0,"","AXA FIO Subfundusz Obligacji Korporacyjnych"
"4","4.48","4.21","akcji",500,100,"126.6","5",0,"","AXA FIO Subfundusz Selective Equity"
"4","4.36","4.16","akcji",500,100,"120.6","5",0,"","AXA FIO Subfundusz Sektywny Akcji Polskich"
"3.25","3.47","3.44","mieszane",500,100,"93.6","4",0,"","AXA FIO Subfundusz Stabilnego Wzrostu"
"2.9","1.33","3.5","mieszane",200,100,"219.6","2",0,"10%","BG¯ BNP Paribas FIO Subfundusz Aktywnego Inwestowania"
"3.8","2.03","4.4","akcji",200,100,"87.5","3",0,"20%","BG¯ BNP Paribas FIO Subfundusz Dynamicznego Inwestowania"
"3.6","1.7","4.2","akcji",200,100,"26.3","3",0,"20%","BG¯ BNP Paribas FIO Subfundusz Globalny Dynamicznego Wzrostu"
"3","1.26","3.5","mieszane",200,100,"107.9","2",0,"20%","BG¯ BNP Paribas FIO Subfundusz Globalny Stabilnego Wzrostu"
"1.5","","1.8","d³u¿ne",200,100,"146.8","2",0,"20%","BG¯ BNP Paribas FIO Subfundusz Obligacji"
"1","0.96","1.2","pieniê¿ne",200,100,"487.1","0",0,"","BG¯ BNP Paribas FIO Subfundusz Pieniê¿ny"
"3","1.21","3.4","mieszane",200,100,"10.1","2",0,"20%","BG¯ BNP Paribas FIO Subfundusz Stabilnego Inwestowania"
"0.4","0.67","2.26","d³u¿ne",100,100,"41.7","0",0,"","BG¯ SFIO Konserwatywny"
"2","2.85","2.9","akcji",200,100,"36.5","3",0,"20%","BNP Paribas FIO Subfundusz BNP Paribas Akcji"
"1","1.7","2.02","d³u¿ne",200,100,"15","2",0,"10%","BNP Paribas FIO Subfundusz BNP Paribas Papierów D³u¿nych"
"2","2.86","2.92","mieszane",200,100,"23.5","2",0,"20%","BNP Paribas FIO Subfundusz BNP Paribas Stabilnego Wzrostu"
"4","4.05","4.03","akcji",1000,100,"149.5","4",0,"","Rockbridge Subfundusz Akcji"
"4","4.07","4.02","akcji",1000,100,"145.2","4",0,"","Rockbridge Subfundusz Akcji Dynamicznych Spó³ek"
"3","3.09","3.29","akcji",1000,100,"18.1","4",0,"","Rockbridge Subfundusz Akcji Globalny"
"4","4.32","4.43","akcji",1000,100,"20.2","4",0,"","Rockbridge Subfundusz Akcji Rynków Wschodz¹cych"
"3.5","4.33","5.99","akcji",1000,100,"19","4",0,"","Rockbridge Subfundusz Dywidendowy"
"2.5","2.64","2.6","absolutnej stopy zwrotu",1000,100,"8.7","3",0,"20%","Rockbridge FIO Strategii Akcyjnej"
"3.75","3.93","4.22","inne",1000,100,"45.8","4",0,"","Rockbridge Subfundusz Globalny ¯ywnoœci i Surowców"
"2","2","2.02","d³u¿ne",1000,100,"178.2","1",0,"","Rockbridge Subfundusz Obligacji 1"
"2","2.01","2.03","d³u¿ne",1000,100,"97.9","1",0,"","Rockbridge Subfundusz Obligacji 2"
"1","1.02","1.02","d³u¿ne",1000,100,"217.8","2",0,"20%","Rockbridge Subfundusz Obligacji Korporacyjnych"
"0.8","0.81","0.81","pieniê¿ne",1000,100,"454","1",0,"20%","Rockbridge Subfundusz Pieniê¿ny"
"3","3.03","3.02","absolutnej stopy zwrotu",1000,100,"107","4",0,"","Rockbridge Subfundusz Selektywny"
"1.5","1.52","1.52","pieniê¿ne",1000,100,"214.4","1",1,"","Rockbridge Subfundusz Skarbowy"
"3","3.03","3.02","mieszane",1000,100,"231.9","2",0,"","Rockbridge Subfundusz Stabilnego Wzrostu"
"0.7","1.21","1.2","akcji",500000,1000,"6.8","0",0,"25%","Rockbridge Subfundusz Superior Akcji"
"0.35","0.69","0.51","d³u¿ne",500000,1000,"13.7","0",0,"25%","Rockbridge Subfundusz Superior Obligacji"
"0.3","0.48","0.42","pieniê¿ne",500000,1000,"16.5","0",0,"25%","Rockbridge Subfundusz Superior Pieniê¿ny"
"0.6","11.63","7.06","inne",500000,1000,"10.2","0",0,"25%","Rockbridge Subfundusz Superior Rynku Surowców"
"0.5","0.86","0.59","absolutnej stopy zwrotu",500000,1000,"22","0",0,"25%","Rockbridge Subfundusz Superior Selektywny"
"4","4.04","4.03","mieszane",1000,100,"183.1","3",0,"","Rockbridge Subfundusz Zrównowa¿ony"
"4","4.13","4.16","akcji",100,50,"23.3","4",0,"","BPS Akcji"
"1.2","1.25","1.26","d³u¿ne",100,50,"20.7","2",0,"","BPS Obligacji"
"0.95","1.24","1.03","d³u¿ne",160000,10000,"37.5","2",0,"20%","BPS Obligacji Korporacyjnych"
"0.9","1.03","0.94","pieniê¿ne",100,50,"82","0",0,"","BPS Pieniê¿ny"
"0.65","0.98","0.71","pieniê¿ne",100,50,"","0",0,"","BPS P³ynnoœciowy"
"2","2.87","2.23","mieszane",100,50,"13.6","3",0,"","BPS Stabilnego Wzrostu"
"3.5","4.29","4.23","akcji",1000,100,"26","4",0,"","Caspar Akcji Polskich"
"3.5","4.68","4.65","akcji",1000,100,"12.5","4",0,"","Caspar Akcji Tureckich"
"1.95","3.05","2.87","mieszane",1000,100,"10.9","4",0,"15%","Caspar Globalny"
"0.05","0.48","0.17","d³u¿ne",1000,100,"9.8","0",0,"","Caspar Ochrony Kapita³u"
"3.25","6.15","5.56","akcji",500,100,"2.5","2",0,"20%","Subfundusz Akcji"
"2","3.74","3.39","d³u¿ne",500,100,"3.8","1",0,"","Subfundusz D³u¿ny Skarbowy Plus"
"3.25","5.74","4.74","akcji",500,100,"8.5","2",0,"20%","Subfundusz Spó³ek Wzrostowych"
"3.95","4.87","4.41","akcji",1000,500,"7.5","3",1,"","Credit Agricole fio Subfundusz Credit Agricole Akcji Nowej Europy"
"2.95","3.1","2.98","akcji",1000,500,"67.4","3",1,"","Credit Agricole fio Subfundusz Credit Agricole Akcyjny"
"2.75","2.88","2.8","mieszane",1000,500,"89.6","3",1,"","Credit Agricole fio Subfundusz Credit Agricole Dynamiczny Polski"
"1.95","1.96","1.96","pieniê¿ne",1000,500,"73.9","2",1,"","Credit Agricole fio Subfundusz Credit Agricole Lokacyjny"
"2.25","2.27","2.27","mieszane",1000,500,"301.3","3",1,"","Credit Agricole fio Subfundusz Credit Agricole Stabilnego Wzrostu"
"2","0.62","6.05","akcji",100,50,"2.1","2",0,"","DB Funds FIO (Dynamiczny)"
"1.3","0.72","8.1","mieszane",100,50,"1.4","2",0,"","DB Funds FIO (Globalny Zrównowa¿ony)"
"0.5","0.34","5.12","d³u¿ne",100,50,"2.7","1",0,"","DB Funds FIO (Instrumentów D³u¿nych)"
"4.25","6.74","6.15","akcji",100,50,"8.3","4",0,"10%","Subfundusz EQUES Akcji SFIO"
"4","6.71","7.35","mieszane",100,50,"4.4","3",0,"10%","Subfundusz Eques Aktywnej Alokacji SFIO"
"1.75","0.97","2.03","d³u¿ne",100,50,"5","1",0,"5%","Subfundusz EQUES Obligacji SFIO"
"0.9","1.45","1.84","d³u¿ne",100,50,"7","0",0,"","Subfundusz EQUES Pieniê¿ny SFIO"
"0","4.94","9.48","mieszane",160000,10000,"0.6","2",0,"25%",NA
"1.2","1.2","1.51","d³u¿ne",1000,100,"33.2","2",0,"",NA
"2.1","2.31","2.55","mieszane",1000,100,"29","4",0,"",NA
"1.6","1.96","1.85","akcji",100,50,"12.3","0",0,"","ING BSK Indeks MSCI EMU"
"1.6","1.84","1.85","akcji",100,50,"11.8","0",0,"","ING BSK Indeks S&P 500"
"1.6","1.85","1.85","akcji",100,50,"21.5","0",0,"","ING BSK Indeks WIG 20"
"2.65","2.63","3.68","mieszane",100,50,"15.7","0",0,"","ING Subfundusz Pakiet Dynamiczny"
"1","1.06","1.36","d³u¿ne",100,50,"79.8","0",0,"","ING Subfundusz Pakiet Ostro¿ny"
"2.2","2.22","2.82","mieszane",100,50,"40.1","0",0,"","ING Subfundusz Pakiet Umiarkowany"
"2.8","5.13","2.81","akcji",50,50,"195.4","5",0,"25%","Investor Akcji"
"4","10.76","8.77","akcji",50,50,"1.5","5",0,"25%","Investor Akcji Rynków Wschodz¹cych"
"4","3.46","4.02","akcji",50,50,"113.9","5",0,"","Investor Akcji Spó³ek Dywidendowych"
"4","15.36","6.3","akcji",50,50,"9.4","5",0,"25%","Investor Akcji Spó³ek Wzrostowych"
"4","4.08","4.7","akcji",50,50,"13.6","5",0,"","Investor Ameryka £aciñska"
"1","","1.5","mieszane",50,50,"30.6","0",0,"25%","Investor Bezpiecznego Wzrostu"
"4","3.93","4.58","akcji",50,50,"16.7","5",0,"","Investor BRIC"
"4","3.97","4.43","inne",50,50,"371.7","5",0,"","Investor Gold Otwarty"
"0.8","0.82","0.82","pieniê¿ne",50,50,"21.1","0",0,"","Investor Gotówkowy"
"4","3.99","4.47","akcji",50,50,"38.4","5",0,"","Investor Indie i Chiny"
"4","4.04","4.68","akcji",50,50,"25.1","5",0,"","Investor Niemcy"
"4","4.04","4.05","akcji",50,50,"76.8","5",0,"","Investor Nowych Technologii"
"1.1","1.09","1.11","d³u¿ne",50,50,"86.6","1",0,"","Investor Obligacji"
"1.5","2.75","3.15","d³u¿ne",50,50,"1.5","1",0,"25%","Investor Obligacji Korporacyjnych"
"1.5","2.9","3.15","d³u¿ne",50,50,"1.1","1",0,"25%","Investor Obligacji Rynków Wschodz¹cych Plus"
"0.8","0.78","0.81","pieniê¿ne",50,50,"1 507.70","0",0,"","Investor P³ynna Lokata"
"4","4.02","4.52","akcji",50,50,"29.5","5",0,"","Investor Rosja"
"4","4.02","4.62","akcji",50,50,"7.1","5",0,"","Investor Sektora Nieruchomoœci i Budownictwa"
"4","3.77","4.01","akcji",50,50,"214.6","5",0,"","Investor Top 25 Ma³ych Spó³ek"
"4","4.34","4.05","akcji",50,50,"57.1","5",0,"25%","Investor Top 50 Ma³ych i Œrednich Spó³ek"
"4","3.98","4.26","akcji",50,50,"80.8","5",0,"","Investor Turcja"
"3","2.91","3.01","mieszane",50,50,"577.8","3",0,"","Investor Zabezpieczenia Emerytalnego"
"3.5","2.27","3.51","mieszane",50,50,"596.1","4",0,"","Investor Zrównowa¿ony"
"3.2","4.58","4.62","akcji",20000,5000,"7.3","4",0,"15%","Subfundusz IPOPEMA AKCJI"
"1.25","1.34","1.39","d³u¿ne",20000,5000,"91","1",0,"20%","Subfundusz IPOPEMA D³u¿ny"
"3.2","2.66","2.67","akcji",20000,5000,"17","4",0,"20%","Subfundusz IPOPEMA Globalnych Megatrendów"
"0.75","1.22","1.09","pieniê¿ne",20000,5000,"179.2","0",0,"","Subfundusz IPOPEMA Gotówkowy"
"2.2","3.92","3.56","absolutnej stopy zwrotu",20000,5000,"37.8","3",0,"10%","Subfundusz IPOPEMA MAKRO ALOKACJI"
"3.2","4.77","4.23","akcji",20000,5000,"6.2","4",0,"10%","Subfundusz IPOPEMA Ma³ych i Œrednich Spó³ek"
"2","2.09","1.99","akcji",20000,5000,"1.7","4",0,"","IPOPEMA m-Indeks FIO"
"2","3.59","2.83","akcji",20000,100,"25.8","4",0,"",NA
"1.5","1.84","1.77","d³u¿ne",20000,5000,"342.6","1",0,"","Subfundusz IPOPEMA OBLIGACJI"
"3.2","4.32","3.76","akcji",160000,5000,"13.9","3",0,"","Subfundusz IPOPEMA Short Equity"
"2.04","2.02","3.07","akcji",1000,100,"33.2","6",0,"","Skarbiec - emerging markets opportunities"
"2.04","0","2.9","akcji",1000,100,"1.7","#ARG!",0,"","Skarbiec - Europe Strategic Dividend"
"2.04","0","2.9","akcji",1000,100,"0.6","#ARG!",0,"","Skarbiec - Global Healthcare"
"1.3","1.3","1.88","d³u¿ne",1000,100,"33.9","3",0,"","Skarbiec - global high yield bond"
"2.04","0","2.9","mieszane",1000,100,"2.4","#ARG!",0,"","Skarbiec - Global Income"
"2.04","0.81","2.9","mieszane",1000,100,"10.1","#ARG!",0,"","Skarbiec - Global Macro Opportunities"
"1.3","1.34","1.92","d³u¿ne",1000,100,"7.4","3",0,"","Skarbiec - global strategic bond"
"2.04","2.02","3.02","akcji",1000,100,"4.5","6",0,"","Skarbiec - highbridge US STEEP"
"4","4.47","4.41","akcji",500,100,"47.6","4",0,"","KBC Subfundusz Akcji Ma³ych i Œrednich Spó³ek"
"4","4.44","4.38","akcji",500,100,"74","4",0,"","KBC Subfundusz AKCYJNY"
"3.8","4.38","4.31","mieszane",500,100,"44.7","3",0,"","KBC Subfundusz Aktywny"
"0.99","2.9","2.42","d³u¿ne",160000,1000,"2.5","#ARG!",0,"","KBC DELTA"
"0.79","1.03","0.99","pieniê¿ne",160000,1000,"1074","0",0,"","KBC GAMMA"
"3","4.04","4.57","akcji",500,100,"9.4","4",0,"","KBC Subfundusz Globalny Akcyjny"
"1","","5.01","d³u¿ne",500,100,"6.4","#ARG!",0,"","KBC Subfundusz Globalny Obligacyjny"
"1.7","3.44","","mieszane",500,100,"7.6","3",0,"",NA
"1.3","1.82","1.73","d³u¿ne",500,100,"119.1","1",0,"","KBC Subfundusz Obligacji Korporacyjnych"
"0.9","1.2","1.16","pieniê¿ne",500,100,"","0",0,"",NA
"1.4","1.71","1.65","d³u¿ne",500,100,"120.5","1",0,"","KBC Subfundusz Papierów D³u¿nych"
"4","5.17","5.41","akcji",100000,5000,"5.1","4",0,"","KBC PORTFEL AKCJI ŒREDNICH SPÓ£EK SFIO"
"4","4.62","4.6","akcji",100000,5000,"17.4","4",0,"","KBC PORTFEL AKCYJNY SFIO"
"1.35","1.78","1.82","d³u¿ne",100000,5000,"17.9","4",0,"","KBC PORTFEL OBLIGACYJNY SFIO"
"0.9","1.36","1.45","pieniê¿ne",100000,5000,"17.3","4",0,"","KBC PORTFEL PIENIÊ¯NY SFIO"
"0.79","","","d³u¿ne",160000,1000,"15.3","0",0,"","KBC SIGMA Obligacji Plus"
"2.5","2.94","2.9","mieszane",500,100,"76.8","3",0,"","KBC Subfundusz Stabilny"
"3.5","3.38","3.6","akcji",100,100,"1080.5","4",0,"","Esaliens Parasol FIO Subfundusz Akcji"
"2.5","2.35","4.2","akcji",100,100,"8.2","5",0,"","Esaliens Akcji Azjatyckich"
"2.5","2.44","4.07","akcji",100,100,"2.6","5",0,"","Esaliens Amerykañskich Spó³ek Wzrostowych"
"3.5","0","4.46","akcji",100,100,"2.8","4",0,"20%","Esaliens Parasol FIO Subfundusz CEE Select"
"2","2.69","3.14","d³u¿ne",100,100,"17.9","3",0,"","Esaliens Globalnych Papierów D³u¿nych"
"2.5","2.99","4.18","akcji",100,100,"0.6","5",0,"","Esaliens Ma³ych Spó³ek Amerykañskich"
"1.5","1.42","1.58","d³u¿ne",100,100,"175.8","1",0,"","Esaliens Parasol FIO Subfundusz Obligacji"
"2.5","1.48","4.09","akcji",100,100,"0.5","5",0,"","Esaliens Okazji Rynkowych"
"0.8","0.83","0.85","pieniê¿ne",100,100,"400.8","0",0,"","Esaliens Parasol FIO Subfundusz Pieniê¿ny"
"2.5","1.29","2.57","mieszane",100,100,"1119.3","3",0,"","Esaliens Senior FIO"
"2.6","1.65","3.29","mieszane",100,100,"44.8","3",0,"10%","Esaliens Parasol FIO Subfundusz Stabilny"
"3.5","2.96","3.64","mieszane",100,100,"126.9","4",0,"","Esaliens Parasol FIO Subfundusz Strateg"
"4","4.28","4.3","akcji",500,NA,"136.7","5",0,"","Metlife Subfundusz Akcji"
"2.5","2.8","3.71","akcji",500,250,"26.9","4",0,"","Metlife Subfundusz Akcji Amerykañskich"
"3","3.3","4.27","akcji",500,250,"42.5","4",0,"","Metlife Subfundusz Akcji Chiñskich i Azjatyckich"
"3","3.64","3.62","akcji",500,250,"22.5","4",0,"","Metlife Subfundusz Akcji Ma³ych Spó³ek"
"3.5","4.09","4.11","akcji",500,250,"47.8","4",0,"","Metlife Subfundusz Akcji Nowa Europa"
"4","4.44","4.46","akcji",500,250,"18.6","4",0,"","Metlife Subfundusz Akcji Polskich"
"3","3.52","4.36","akcji",500,250,"12.8","4",0,"","Metlife Subfundusz Akcji Rynków Rozwiniêtych"
"3","3.41","4.24","akcji",500,250,"27.6","4",0,"","Metlife Subfundusz Akcji Rynków Wschodz¹cych"
"4","4.37","4.34","akcji",500,250,"120.1","5",0,"","Metlife Subfundusz Akcji Œrednich Spó³ek"
"3","3.88","3.82","mieszane",500,250,"10.4","4",0,"","Metlife Subfundusz Aktywnej Alokacji"
"0.8","1.14","1.09","pieniê¿ne",500,250,"39","0",0,"","Metlife Subfundusz Lokacyjny"
"1.45","1.75","1.74","d³u¿ne",500,250,"42.5","1",0,"","Metlife Subfundusz Obligacji Plus"
"1.45","1.69","1.7","d³u¿ne",500,250,"98.5","1",0,"","Metlife Subfundusz Obligacji Skarbowych"
"1","1.33","1.93","d³u¿ne",500,250,"62.7","1",0,"","Metlife Subfundusz Obligacji Œwiatowych"
"2.6","2.85","3.07","mieszane",500,250,"8","2",0,"","Metlife Subfudnusz Ochrony Wzrostu"
"1","1.2","1.21","pieniê¿ne",500,250,"455.4","0",0,"","Metlife Subfundusz Pieniê¿ny"
"2.2","2.48","2.52","mieszane",500,250,"39","0",0,"","Metlife Subfundusz Stabilnego Wzrostu"
"2.5","3.21","4.06","mieszane",500,250,"8.1","3",0,"","Metlife Subfundusz Zrównowa¿ony Azjatycki"
"3.5","4.31","4.32","mieszane",500,250,"12.3","4",0,"","Metlife Subfundusz Zrównowa¿ony Nowa Europa"
"0.7","","1.3","mieszane",1000,100,"35.2","#ARG!",0,"20%","Subfundusz mFundusz dla aktywnych"
"0.4","","0.7","d³u¿ne",1000,100,"92.8","#ARG!",0,"20%","Subfundusz mFundusz dla ka¿dego"
"1","0","1.9","akcji",1000,100,"13.3","#ARG!",0,"20%","Subfundusz mFundusz dla odwa¿nych"
"3.5","3.62","3.63","absolutnej stopy zwrotu",500,500,"128.4","2",0,"","Millennium FIO S Absolute Return"
"4","4.19","4.18","akcji",500,500,"281.9","2",0,"","Millennium FIO S Akcji"
"4","4.19","4.19","mieszane",500,500,"214","2",0,"","Millennium FIO S Cyklu Koniunkturalnego"
"1","1.19","1.05","pieniê¿ne",500,500,"1422.2","1",0,"","Millennium FIO S Depozytowy"
"4","4.26","4.26","akcji",500,500,"115.5","2",0,"","Millennium FIO S Dynamicznych Spó³ek"
"3.5","3.75","3.78","akcji",500,500,"41.6","2",0,"","Millennium SFIO S Globalny Akcji"
"3.5","3.61","3.64","mieszane",500,500,"131","2",0,"","Millennium SFIO S Globalny Stabilnego Wzrostu"
"2.5","3.06","3.12","mieszane",500,500,"17.6","2",0,"","Millennium SFIO S Globalny Strategii Alternatywnych"
"1.9","1.9","1.9","d³u¿ne",500,500,"94.3","1",0,"","Millennium FIO S Instrumentów D³u¿nych"
"2.5","","2.5","mieszane",500,500,"12.9","1",0,"","Millennium SFIO S Konserwatywny"
"1.7","1.71","1.72","d³u¿ne",500,500,"1834.4","1",0,"","Millennium FIO S Obligacji Korporacyjnych"
"3","3.16","3.18","mieszane",500,500,"147.5","2",0,"","Millennium FIO S Stabilnego Wzrostu"
"3.4","0","3.4","akcji",100,50,"","4",0,"10%","MS Akci"
"1.4","","1.4","d³u¿ne",100,50,"","2",0,"10%","MS Oblgacji"
"0.9","","0.9","pieniê¿ne",100,50,"","1",0,"10%","MS P³ynoœciowy"
"2.5","2.5","2.98","akcji",200,50,"25.7","5",0,"","NN (L) Ameryki £aciñskiej"
"0.75","0.75","0.75","pieniê¿ne",200,50,"167.5","0",0,"","NN (L) Depozytowy"
"2.5","2.47","2.89","absolutnej stopy zwrotu",200,50,"48.3","5",0,"","NN (L) Dynamiczny Globalnej Alokacji"
"2.5","2.48","2.93","akcji",200,50,"204.6","5",0,"","NN (L) Europejski Spó³ek Dywidendowych"
"1.8","1.78","2.18","d³u¿ne",200,50,"598.5","2",0,"","NN (L) Globalny D³ugu Korporacyjnego"
"2.5","2.49","2.93","akcji",200,50,"679.8","5",0,"","NN (L) Globalny Spó³ek Dywidendowych"
"2.5","2.5","3.2","akcji",200,50,"203.2","5",0,"","NN (L) Japonia"
"2.5","2.38","2.98","akcji",200,50,"31.5","5",0,"","NN (L) Nowej Azji"
"1.8","1.79","2.17","d³u¿ne",200,50,"139.9","2",0,"","NN (L) Obligacji Rynków Wschodzacych (Waluta Lokalna)"
"1.4","1.52","1.68","d³u¿ne",200,50,"11.4","2",0,"","NN (L) Obligacyjny Globalnej Alokacji"
"2.5","2.41","2.97","akcji",200,50,"113.5","5",0,"","NN (L) Spó³ek Dywidendowych Rynków Wschodz¹cych"
"2.5","2.46","2.91","akcji",200,50,"71","5",0,"","NN (L) Spó³ek Dywidendowych USA"
"1.5","1.5","1.91","absolutnej stopy zwrotu",200,50,"408.6","2",0,"","NN (L) Stabilny Globalnej Alokacji"
"","1.51","2.09","absolutnej stopy zwrotu",200,50,"35.1","2",0,"","NN (L) Stabilny Globalnej Alokacji EUR"
"3.5","3.23","3.5","akcji",200,50,"1051.1","4",0,"","NN (PL) Akcji"
"3.5","4.32","3.51","akcji",200,50,"191.2","4",0,"","NN (PL) Akcji Œrodkowoeuropejskich"
"0.75","0.75","0.75","pieniê¿ne",200,50,"767.3","0",0,"","NN (PL) Gotówkowy"
"1","1","1.01","pieniê¿ne",200,50,"810","0",0,"","NN (L) Lokacyjny Plus"
"1.25","1.19","1.25","d³u¿ne",200,50,"729.6","1",0,"","NN (PL) Obligacji"
"1.3","1.19","1.59","mieszane",200,50,"49.5","3",0,"","NN Subfundusz Perspektywa 2020"
"1.5","1.38","1.8","mieszane",200,50,"75","3",0,"","NN Subfundusz Perspektywa 2025"
"1.7","1.48","2.02","mieszane",200,50,"59.1","3",0,"","NN Subfundusz Perspektywa 2030"
"1.9","1.56","2.23","mieszane",200,50,"52.7","3",0,"","NN Subfundusz Perspektywa 2035"
"2.1","1.69","2.44","mieszane",200,50,"39.1","3",0,"","NN Subfundusz Perspektywa 2040"
"2.1","1.79","2.45","mieszane",200,50,"46.7","3",0,"","NN Subfundusz Perspektywa 2045"
"0.8","0.62","0.8","akcji",2000000,10000,"1827.7","5",0,"","NN SFIO Akcji 2"
"0.53","0.23","0.53","d³u¿ne",2000000,10000,"2074.8","2",0,"","NN SFIO Obligacji 2"
"2.5","2.17","2.51","mieszane",200,50,"1242.7","3",0,"","NN (PL) Stabilnego Wzrostu"
"3.5","3.54","3.51","akcji",200,50,"325.7","4",0,"","NN (PL) Œrednich i Ma³ych Spó³ek"
"3","2.53","3.01","mieszane",200,50,"680.9","4",0,"","NN (PL) Zrównowa¿ony"
"4","4.48","5.38","akcji",500,100,"10.3","4",0,"","Noble Fund Africa and Frontier"
"4","4.13","4.05","akcji",500,100,"412.6","4",0,"","Noble Fund Akcji"
"4","4.19","4.05","akcji",500,100,"301","4",0,"20%","Noble Fund Akcji Ma³ych i Œrednich Spó³ek"
"4","4.62","4.1","absolutnej stopy zwrotu",500,100,"45.6","4",0,"10%","Noble Fund Global Return"
"4","4.16","4.06","mieszane",500,100,"100.4","4",0,"","Noble Fund Mieszany"
"1.5","1.53","1.53","d³u¿ne",500,100,"79.2","1",0,"","Noble Fund Obligacji"
"1","1.53","1.2","pieniê¿ne",500,100,"74.9","0",0,"","Noble Fund Pieniê¿ny"
"3.5","3.56","3.56","mieszane",500,100,"161.9","3",0,"","Noble Fund Stabilnego Wzrostu Plus"
"4","4.28","4.08","mieszane",500,100,"88.9","4",0,"10%","Noble Fund Timingowy"
"4","4.12","4.23","akcji",100,50,"114.8","4",0,"","Novo FIO (Akcji)"
"3.6","3.63","3.83","mieszane",100,50,"33.5","3",0,"","Novo FIO (Aktywnej Alokacji)"
"1","1","1.02","pieniê¿ne",100,50,"146.2","0",0,"","Novo FIO (Gotówkowy)"
"1.9","1.9","2.18","d³u¿ne",100,50,"321.2","0",0,"","Novo FIO (Obligacji Przedsiêbiorstw)"
"1.5","1.51","1.97","d³u¿ne",100,50,"35.5","1",0,"","Novo FIO (Papierów D³u¿nych)"
"3","3.02","3.23","mieszane",100,50,"52.5","2",0,"","Novo FIO (Stabilnego Wzrostu)"
"4","4.05","4.39","mieszane",100,50,"66.5","2",0,"","Novo FIO (Zrównowa¿onego Wzrostu)"
"4","5.48","5.35","akcji",500,100,"11.5","4",0,"20%","Open Finance Akcji"
"4","5.14","5.02","akcji",500,100,"6.5","4",0,"20%","Open Finance Akcji Ma³ych i Œrednich Spó³ek"
"4","5.28","4.76","mieszane",500,100,"13.1","4",0,"15%","Open Finance Aktywnej Alokacji"
"2","2.26","2.32","d³u¿ne",500,100,"38.1","1",0,"","Open Finance Obligacji"
"1.2","1.47","1.47","d³u¿ne",500,100,"55.3","0",0,"","Open Finance Pieniê¿ny"
"3.5","4.01","4.01","mieszane",500,100,"19.2","3",0,"","Open Finance Stabilnego Wzrostu"
"0","0.36","0.53","absolutnej stopy zwrotu",160000,10000,"32.2","2",1,"25%","OPERA SFIO (Alfa-plus.pl)"
"0.3","0.72","0.93","d³u¿ne",500,500,"24.1","0",0,"","OPERA FIO (Avista.pl)"
"0","1.02","1.09","d³u¿ne",160000,10000,"2","1",1,"10%","OPERA SFIO (Avista-plus.pl)"
"1.75","2.52","4.07","mieszane",500,500,"6.4","1",0,"10%","OPERA FIO (Equilibrium.pl)"
"1.5","2.54","4.55","mieszane",50000,10000,"15.5","0",0,"10%","OPERA NGO SFIO"
"0.3","0.86","1.04","pieniê¿ne",500,500,"12.2","0",0,"","OPERA FIO (Pecunia.pl)"
"0.17","0.44","2.01","d³u¿ne",160000,10000,"328.8","2",1,"4.88%","OPERA SFIO (Tutus-plus)"
"2.75","3.62","4.11","akcji",500,500,"6.6","1",0,"10%","OPERA FIO (Universa.pl)"
"3.95","4.42","4.41","akcji",100,50,"147.6","4",0,"","OPTIMUM FIO (Akcji)"
"1","1.8","1.88","pieniê¿ne",100,50,"26.6","0",0,"","OPTIMUM FIO (Gotówkowy)"
"1.75","2.19","2.33","d³u¿ne",100,50,"51.8","2",0,"","OPTIMUM FIO (Obligacji)"
"4","3.78","3.68","akcji",1000,100,"40.8","5",0,"","Pioneer Akcji - Aktywna Selekcja"
"3.5","3.36","4.24","akcji",1000,500,"311.6","5",0,"","Pioneer Akcji Amerykañskich"
"3.5","3.4","4.26","akcji",1000,500,"359.1","5",0,"","Pioneer Akcji Europejskich"
"3.5","3.52","4.29","akcji",1000,500,"147.9","5",0,"","Pioneer Akcji MiŒ Spó³ek Rynków Rozwiniêtych"
"4","3.82","4.02","akcji",1000,100,"675","5",0,"","Pioneer Akcji Polskich"
"3.5","3.56","4.42","akcji",1000,500,"34.6","5",0,"","Pioneer Akcji Rynków Dalekiego Wschodu"
"3.5","3.51","4.41","akcji",1000,500,"268.8","5",0,"","Pioneer Akcji Rynków Wschodz¹cych"
"1.5","0.83","0.96","absolutnej stopy zwrotu",1000,500,"105","3",0,"","Pioneer Alternatywny - Absolutnej Stopy Zwrotu"
"2.5","0.23","1.27","mieszane",1000,500,"64.9","3",0,"","Pioneer Alternatywny - Globalnego Dochodu"
"2.5","2.53","3.32","mieszane",1000,500,"75.4","4",0,"","Pioneer Dochodu i Wzrostu Regionu Pacyfiku"
"2.5","2.52","3.25","mieszane",1000,500,"157.2","4",0,"","Pioneer Dochodu i Wzrostu Rynku Chiñskiego"
"3.5","1.42","","mieszane",1000,500,"4","0",0,"","Pioneer Dochodu USD"
"3.75","3.8","3.79","akcji",1000,500,"218.9","5",0,"","Pioneer Dynamicznych Spó³ek"
"1.7","2.09","2.16","mieszane",1000,100,"7","3",0,"","Pioneer Elastycznego Inwestowania"
"0.6","0.6","0.6","pieniê¿ne",1000,500,"3013.1","0",0,"","Pioneer Gotówkowy"
"4","4.05","4.03","akcji",1000,100,"241.2","5",0,"","Pioneer MiŒ Spó³ek Rynku Polskiego"
"1.6","1.57","1.61","d³u¿ne",1000,100,"413.2","2",0,"","Pioneer Obligacji - Dynamiczna Alokacja 2"
"1.6","1.6","1.61","d³u¿ne",1000,100,"631.3","2",0,"","Pioneer Obligacji - Dynamiczna Alokacja FIO"
"2.5","2.5","3.04","d³u¿ne",1000,500,"1284","2",0,"","Pioneer Obligacji Dolarowych Plus"
"2","2.02","2.45","d³u¿ne",1000,500,"246","3",0,"","Pioneer Obligacji Europejskich Plus"
"1.9","1.93","2.43","d³u¿ne",1000,500,"475.2","2",0,"","Pioneer Obligacji i Dochodu"
"1.6","1.6","1.61","d³u¿ne",1000,100,"1737.3","2",0,"","Pioneer Obligacji Plus"
"2","2.01","2.69","d³u¿ne",1000,500,"1025.6","2",0,"","Pioneer Obligacji Strategicznych"
"0.87","0.87","0.87","pieniê¿ne",1000,100,"2618.3","0",0,"","Pioneer Pieniê¿ny"
"1.2","1.17","1.21","d³u¿ne",1000,100,"836.4","1",0,"","Pioneer Pieniê¿ny Plus"
"3.15","3.29","3.18","mieszane",1000,100,"92.7","3",0,"10%","Pioneer Stabilnego Inwestowania"
"3.25","3.27","3.27","mieszane",1000,100,"362.5","3",0,"","Pioneer Stabilnego Wzrostu"
"3","0","2","akcji",1000,500,"170.7","4",0,"","Pioneer Strategii Globalnej"
"2.2","2.26","3.08","inne",1000,500,"32","5",0,"","Pioneer Surowców i Energii"
"2.5","2.52","3.2","mieszane",1000,500,"98.8","3",0,"","Pioneer Wzrostu i Dochodu Rynku Europejskiego"
"1","1.06","3.2","mieszane",1000,500,"40","2",0,"",NA
"2","2.05","2.18","mieszane",1000,500,"34.7","3",0,"",NA
"1.7","1.73","1.63","mieszane",1000,500,"67.8","2",0,"","Pioneer Zmiennej Alokacji"
"2","1.75","1.08","mieszane",1000,500,"25.4","3",0,"","Pioneer Zmiennej Alokacji Rynku Amerykañskiego"
"4","3.89","4.02","mieszane",1000,100,"995.6","5",0,"","Pioneer Zrównowa¿ony"
"2.5","2.51","3.08","mieszane",1000,500,"200.6","5",0,"","Pioneer Zrównowa¿ony Rynku Amerykañskiego"
"4","3.04","3.41","akcji",100,100,"85.1","4",0,"","Subfundusz Akcji Dywidendowych Globalny"
"4","3.99","4.03","akcji",100,100,"316.5","4",0,"","PKO Akcji Ma³ych i Œr. Spó³ek - fio"
"4","3.85","4.14","akcji",100,100,"165.9","4",0,"","PKO Akcji Nowa Europa - fio"
"4","3.41","4.03","akcji",100,100,"1008.5","4",0,"","PKO Akcji Plus"
"4","2.96","4.55","akcji",100,100,"140.5","4",0,"","Parasol Akcji Rynków Wschodz¹cych"
"4","3.61","4.46","akcji",100,100,"190.2","4",0,"","Parasol Akcji Rynku Amerykañskiego"
"4","3.66","4.66","akcji",100,100,"35.8","4",0,"","Parasol Akcji Rynku Azji i Pacyfiku"
"4","2.44","3.31","akcji",100,100,"51.4","4",0,"","Akcji Rynku Europejskiego"
"4","3.89","4.48","akcji",100,100,"83.5","4",0,"","Parasol Akcji Rynku Japoñskiego"
"2.1","2.17","2.17","inne",100,100,"187.9","4",0,"","Parasol Akcji Rynku Z³ota"
"4","4.05","4.03","akcji",100,100,"168.2","4",0,"","PKO Dóbr Luksusowych Gloablny"
"4","4.18","4.1","akcji",100,100,"39.6","4",0,"","PKO Infrastruktury i Budownictwa"
"4","0","4.06","akcji",100,100,"190.3","4",0,"","PKO Medycyny i Demografii Globalny"
"1.8","1.17","1.51","d³u¿ne",100,100,"656.9","1",0,"","PKO Obligacji D³ugoterminowych - fio"
"1.8","1.35","1.51","d³u¿ne",100,100,"1980.7","1",0,"","PKO Papierów D³u¿nych Plus"
"1.8","1.51","1.52","d³u¿ne",100,100,"38.7","1",0,"","Parasol Papierów D³u¿nych USD"
"0.9","0.75","0.81","pieniê¿ne",200000,100,"447.7","0",0,"","PKO P³ynnoœciowy - sfio"
"1","0.89","0.9","pieniê¿ne",100,100,"2986.2","0",0,"","PKO Rynku Pieniê¿nego - fio"
"1","0.97","0.91","pieniê¿ne",100,100,"5002.2","0",0,"","PKO Skarbowy - fio"
"2.5","2.5","2.52","mieszane",100,100,"1305.5","3",0,"","PKO Stabilnego Wzrostu - fio"
"4","4.07","4.03","mieszane",100,100,"126.4","4",0,"","PKO Strategicznej Alokacji - sfio"
"4","4.02","4.03","akcji",100,100,"1532.4","4",0,"","PKO Technologii i Innowacji Globalny"
"0.8","","1.2","mieszane",100,100,"445.6","1",0,"","PKO Zabezpieczenia Emerytalnego 2020"
"1","","1.91","mieszane",100,100,"107.3","1",0,"","PKO Zabezpieczenia Emerytalnego 2030"
"1.2","","2.62","mieszane",100,100,"75.8","1",0,"","PKO Zabezpieczenia Emerytalnego 2040"
"1.4","","3.32","mieszane",100,100,"26.7","1",0,"","PKO Zabezpieczenia Emerytalnego 2050"
"1.5","","4.03","mieszane",100,100,"13.1","1",0,"","PKO Zabezpieczenia Emerytalnego 2060"
"4","3.99","4.02","mieszane",100,100,"1085.2","4",0,"","PKO Zrównowa¿ony - fio"
"1.1","","1.46","pieniê¿ne",200,100,"74.4","0",0,"","Pocztowy SFIO Subfundusz Gotówkowy"
"1.75","","1.28","d³u¿ne",200,100,"5.8","1",0,"","Pocztowy SFIO Subfundusz Obligacji"
"4","1.6","4.02","akcji",100,100,"886.1","3",0,"","PZU Akcji KRAKOWIAK"
"4","3.94","4.1","akcji",100,100,"106.8","3",0,"","PZU Akcji Ma³ych i Œrednich Spó³ek"
"4","3.08","4.43","akcji",100,100,"23.2","3",0,"","PZU Akcji NOWA EUROPA"
"3","3.18","3.18","akcji",1000,1000,"24.7","3",0,"","PZU Akcji Rynków Rozwiniêtych"
"3","4.85","4.09","akcji",1000,1000,"13.5","3",0,"","PZU Akcji Rynków Wschodz¹cych"
"3","3.23","3.32","akcji",1000,1000,"186.7","3",0,"","PZU Akcji Spó³ek Dywidendowych"
"2","","2","d³u¿ne",100,100,"12.7","1",0,"20%","PZU D³u¿ny Aktywny"
"1.5","1.56","1.56","d³u¿ne",200000,1000,"161.8","2",0,"20%","PZU D³u¿ny Rynków Wschodz¹cych"
"2.5","2.8","2.54","akcji",100,100,"308.7","3",0,"20%","PZU Energia Medycyna Ekologia"
"1","1.12","1.18","d³u¿ne",100,100,"30.5","0",0,"","PZU FIO Ochrony Maj¹tku"
"1","3.28","2","d³u¿ne",100,100,"10.4","1",0,"","PZU Globalny Obligacji Korporacyjnych"
"0.8","0.58","0.84","pieniê¿ne",100,100,"1207.8","0",0,"","PZU Gotówkowy"
"1.5","1.02","1.51","d³u¿ne",100,100,"1071.7","1",0,"","PZU Papierów D³u¿nych POLONEZ"
"1","1.1","1.1","mieszane",100,100,"137","1",0,"","PZU SEJF+"
"2.5","1.14","2.5","mieszane",100,100,"2860","3",0,"","PZU Stabilnego Wzrostu MAZUREK"
"3","0","3","akcji",100,100,"9.1","3",0,"20%","PZU Telekomunikacja Media Technologia"
"3","2.39","3.14","mieszane",100,100,"147.7","3",0,"","PZU Zrównowa¿ony"
"3.3","3.43","3.42","akcji",20000,1,"555.1","3",0,"20%","Quercus Agresywny"
"3.8","3.94","3.92","inne",20000,1,"77.7","4",0,"","Quercus Gold"
"3.8","3.88","3.87","akcji",20000,1,"183.6","4",0,"","Quercus lev"
"1","1.19","1.34","mieszane",20000,1,"2285.7","0",0,"10%","Quercus Ochrony Kapita³u"
"3.8","6.35","6.12","akcji",20000,1,"44.6","3",0,"20%","Quercus Rosja"
"2.8","2.89","2.88","absolutnej stopy zwrotu",20000,1,"524.1","3",0,"20%","Quercus Selektywny"
"3.8","4.06","4.05","akcji",20000,1,"26.7","4",0,"","Quercus short"
"2.5","3.05","3.02","absolutnej stopy zwrotu",20000,1,"203.8","3",0,"10%","QUERCUS Stabilny"
"3.3","3.81","3.7","akcji",20000,1,"50.5","3",0,"20%","Quercus Turcja"
"3","2.1","3.13","absolutnej stopy zwrotu",100,100,"737.4","3",0,"20%","Raiffeisen Aktywnego Inwestowania"
"1","1.14","1.11","pieniê¿ne",100,100,"115.5","0",0,"","Raiffeisen Aktywnego Oszczêdzania"
"1.5","","2.01","d³u¿ne",100,100,"115.7","0",0,"20%","Raiffeisen Aktywnych Strategii D³u¿nych"
"2.5","3.47","3.33","absolutnej stopy zwrotu",100,100,"130.8","2",0,"20%","Raiffeisen Globalnych Mo¿liwoœci"
"0.9","0.81","1","d³u¿ne",100000,10000,"40.9","0",0,"30%",NA
"0.9","0.9","0.98","pieniê¿ne",1000,1000,"144.7","0",0,"33%",NA
"2.3","2.3","2.65","absolutnej stopy zwrotu",1000,1000,"20.4","0",0,"30%",NA
"3","1.75","5.12","akcji",100,50,"42.8","6",0,"25%","Skarbiec-Top Funduszy Akcji SFIO"
"2","1.33","3.27","mieszane",100,50,"45.1","3",0,"25%","SKARBIEC-TOP Funduszy Stabilnych SFIO"
"4","4.09","4.03","akcji",100,50,"372.9","6",0,"25%","Subfundusz Akcji SKARBIEC-AKCJA"
"1.55","1.73","1.6","d³u¿ne",100,50,"231.7","1",0,"25%","Subfundusz D³u¿nych Papierów Wartoœciowych SKARBIEC-DEPOZYTOWY"
"4","4.68","4.44","akcji",100,50,"28.2","6",0,"25%","Subfundusz Skarbiec - Globalny MiŒ"
"3","4.07","3.05","mieszane",100,50,"163.2","3",0,"25%","Subfundusz SKARBIEC-III FILAR"
"0.9","0.9","0.91","pieniê¿ne",100,50,"272","0",0,"25%","Subfundusz Pieniê¿ny SKARBIEC-KASA"
"1.55","1.92","1.59","d³u¿ne",1000,100,"285.7","3",0,"25%","Subfundusz Skarbiec Lokacyjny"
"4","4.09","4.04","akcji",100,50,"153.9","6",0,"25%","SUBFUNDUSZ SKARBIEC-MA£YCH I ŒREDNICH SPÓ£EK"
"3","4.3","4.2","absolutnej stopy zwrotu",1000,100,"15","6",0,"25%","Subfundusz SKARBIEC-MARKET NEUTRAL"
"3","3.13","2.8","absolutnej stopy zwrotu",500,50,"45.7","3",0,"25%","Subfundusz Skarbiec - Market Opportunities"
"1.55","1.94","1.57","d³u¿ne",100,50,"173.6","1",0,"25%","Subfundusz Instrumentów D³u¿nych SKARBIEC-OBLIGACJA"
"1","0.25","2.5","d³u¿ne",100,50,"234.3","1",0,"25%","Subfundusz Skarbiec - Obligacji Globalnych"
"2.5","3.71","3","akcji",100,50,"17.9","6",0,"25%","subfundusz SKARBIEC - RYNKÓW ROZWINIÊTYCH"
"4","4.19","4.31","inne",500,100,"57.6","6",0,"25%","Subfundusz Skarbiec - Rynków Surowcowych"
"4","4.54","4.45","akcji",100,50,"11.1","6",0,"25%","Subfundusz SKARBIEC – RYNKÓW WSCHODZ¥CYCH"
"4","5.33","4.05","akcji",1000,100,"292","6",0,"25%","Subfundusz Skarbiec - Spó³ek Wzrostowych"
"4","4.76","4.55","akcji",500,100,"31","6",0,"25%","Subfundusz Skarbiec - Top Brands"
"4","5.09","4.07","mieszane",100,50,"129.6","6",0,"25%","Subfundusz Zrównowa¿ony SKARBIEC-WAGA"
"4","4.11","4.03","akcji",200,200,"101.1","4",0,"","Subfundusz SKOK Etyczny 2"
"1.25","1.63","1.26","pieniê¿ne",200,200,"372.4","0",0,"","SKOK FIO Rynku Pieniê¿nego"
"1.45","1.49","1.49","pieniê¿ne",200,200,"112.2","0",0,"","Subfundusz SKOK Gotówkowy"
"1.65","1.75","1.7","d³u¿ne",200,200,"86.6","1",0,"","Subfundusz SKOK Obligacji"
"2.5","2.66","2.66","mieszane",200,200,"23.8","3",0,"","Subfundusz SKOK Stabilny ZA"
"2.5","3.51","4.16","akcji",500,500,"4.7","5",2,"","Superfund Akcji"
"2.6","3.97","4.63","akcji",100,100,"6.7","5",0,"","Akcyjny"
"1.5","2.3","8.64","absolutnej stopy zwrotu",100,100,"4.6","5",0,"","Alternatywny"
"1.2","2.87","7.31","mieszane",500,500,"3.1","5",2,"","Superfund Subfundusz Blue"
"1.5","2.74","8.59","inne",500,500,"5.2","5",2,"","Superfund GoldFuture"
"1.2","1.98","6.31","mieszane",500,500,"7.5","5",2,"","Superfund Subfundusz Green"
"0.95","2.49","2.88","d³u¿ne",100,100,"6","2",0,"","Obligacyjny"
"0.7","1.05","1.33","pieniê¿ne",100,100,"35.2","1",0,"","Pieniê¿ny"
"0.5","0.77","1.26","pieniê¿ne",500,500,"85.2","1",0,"","SUPERFUND P£YNNOŒCIOWY"
"1.2","4.31","8.79","mieszane",500,500,"0.8","5",2,"","Subfundusz Superfund Red"
"1.5","2.24","7.15","mieszane",500,500,"10.3","5",0,"","Superfund Trend powi¹zany Bis FIO"
"1.5","2.31","7.31","mieszane",500,500,"13.8","5",2,"","Superfund Trend Powi¹zany Plus FIO"
"3.2","4.04","4","akcji",0,NA,"","0",0,"",NA
"2.95","2.36","","akcji",1000,100,"8.7","5",0,"30%","UniAkcje Biopharma"
"4","3.98","4.33","akcji",100,100,"46.3","5",0,"","UNIAKCJE DYWIDENDOWY"
"4","2.11","5.48","akcji",1000,100,"5.3","5",0,"30%",NA
"4","4","4.12","akcji",100,100,"212.4","5",0,"","UniAkcje Ma³ych i Œrednich Spó³ek"
"3","4.2","4.17","akcji",100,100,"190","5",0,"22%","UniAkcje Wzrostu"
"2.95","2.95","3.81","akcji",1000,100,"15.6","5",0,"30%","UniAkcje: Daleki Wschód"
"3","3.65","5.87","akcji",100,100,"40","5",0,"25%","UniAkcje: Nowa Europa"
"4","3.98","4.34","akcji",100,100,"38.6","5",0,"","UniAkcje: Turcja"
"0.9","0.98","1.45","pieniê¿ne",100,100,"111.2","0",0,"30%","Uniaktywny Pieniê¿ny"
"1","1.01","1.15","pieniê¿ne",4000,4000,"55.1","2",0,"","UniDolar Pieniezny"
"4","4.05","4.08","akcji",100,100,"665.6","5",0,"","UniKorona Akcje"
"1.5","1.57","1.57","d³u¿ne",100,100,"556.2","1",0,"25%","UniKorona Obligacje"
"0.9","0.97","0.98","pieniê¿ne",100,100,"3657.6","0",0,"","UniKorona Pieniê¿ny"
"3.2","3.32","3.32","mieszane",100,100,"340.6","5",0,"","UniKorona Zrównowa¿ony"
"0.9","0.96","0.96","d³u¿ne",100,100,"1030.9","0",0,"","UniLokata"
"2","2.62","2.1","d³u¿ne",160000,100,"188.8","3",0,"30%","UniObligacje Aktywny"
"2","2.21","2.23","d³u¿ne",100,100,"105.9","2",0,"","UniObligacje: Nowa Europa"
"2.7","2.86","2.86","mieszane",100,100,"134","3",0,"","UniStabilny Wzrost"
"2.95","2.94","3.56","mieszane",160000,4000,"59.3","0",0,"33%","UniEURIBOR"
"0.9","1.03","1.03","d³u¿ne",160000,10000,"1307.9","0",0,"33%","UniWIBID_Plus"
"2.8","3.35","3.45","mieszane",1000,100,"16.9","3",0,"20%","Altus FIO Parasolowy Subfundusz Stabilnego Wzrostu"
"","","","",500,100,"114.4","4",0,"","AXA FIO Subfundusz Makro Alokacji"
"3.5","","4.32","akcji",1000,100,"43.8","4",0,"","Caspar Akcji Europejskich"
"3.2","3.34","4","akcji",1000,100,"11.1","5",0,"",NA
"0.9","1.17","1.19","pieniê¿ne",500,100,"289.7","0",0,"","KBC Subfundusz Pieniê¿ny"
"2","-","7.57","mieszane",100,50,"0.8","2",0,"","Novo FIO (Globalnego Dochodu)"
"4","-","4","akcji",100,50,"-","4",0,"","Novo FIO (Ma³ych i Œrednich Spó³ek)"
"2","1.61","2.16","mieszane",1000,500,"97.9","3",0,"","Pioneer Strategii Globalnej - konserwatywny"
"3","-","2","akcji",1000,500,"17.1","5",0,"","Pioneer Strategii Globalnej - dynamiczny"
"3.5","1.1","1.74","mieszane",1000,500,"21.9","3",0,"","Pioneer Wzrostu i Dochodu Rynku Amerykañskiego"
"4","4.11","4.1","inne",100,100,"198","4",0,"","PKO Surowców Globalny"
"1.5","-","0.23","mieszane",200,100,"14.5","3",0,"","Pocztowy SFIO Subfundusz Stabilny"
"3.3","-","3.89","akcji",20000,1,"1","3",0,"20%","QUERCUS Global Growth"
