"";"Nazwa";"Nazwa.IZFiA";"OB";"TFI";"Data.utworzenia";"Pierwsza.wp³ata";"Nastêpna.wp³ata";"Aktywa";"Profil";"OZZ";"OZN";"OZU";"OZW";"TER";"mean_daily_log_rr";"std_daily_log_rr";"var_5";"var_95";"es";"eg";"Rok"
"1";"AGIO Agresywny (AGIO SFIO)";"AGIO Agresywny Spó³ek Wzrostowych";"5.11";"Agio";2011-12-29;100;100;"30.1";"akcji";"3.95";"4";0;"10%";"6.01";NA;NA;NA;NA;NA;NA;"2017"
"2";"AGIO Akcji PLUS (AGIO PLUS FIO)";"AGIO AKCJI PLUS";"3.9";"Agio";2016-02-18;100;100;"13.4";"akcji";"4";"4";0;"10%";"2.27";"0.001461434";"0.007792172";NA;NA;NA;NA;"2017"
"3";"AGIO Kapita³ (AGIO SFIO)";"Agio Kapita³";"1.59";"Agio";2009-07-09;160000;5000;"334.4";"d³u¿ne";"1.5";"1";0;"20%";"1.61";NA;NA;NA;NA;NA;NA;"2017"
"4";"AGIO Kapita³ PLUS FIO";"AGIO Kapita³ PLUS";"1.8";"Agio";2012-04-23;100;100;"132.8";"d³u¿ne";"1.6";"1";0;"10%";"1.9";"6.23564E-05";"0.000394192";NA;NA;NA;NA;"2017"
"5";"Alior Agresywny (Alior SFIO)";"Alior Agresywny";"6.65";"Alior";2010-03-29;200;100;"4.9";"akcji";"3.5";"4";0;"10%";"7.35";"0.00048635";"0.007232319";NA;NA;NA;NA;"2017"
"6";"Alior Multi Asset (Alior SFIO)";"Alior Multi Asset";"6.75";"Alior";2009-03-24;200;100;"3.8";"mieszane";"3.5";"4";0;"";"7.53";"8.42861E-05";"0.006895737";NA;NA;NA;NA;"2017"
"7";"Alior Papierów D³u¿nych (Alior SFIO)";"Alior Papierów D³u¿nych";"2.38";"Alior";2013-04-11;200;100;"17";"d³u¿ne";"1.5";"1";0;"20%";"2.86";"-2.04661E-05";"0.00115855";NA;NA;NA;NA;"2017"
"8";"Alior Pieniê¿ny (Alior SFIO)";"Alior Pieniê¿ny";"1.22";"Alior";2016-02-24;200;100;"7.6";"pieniê¿ne";"0.6";"0";0;"20%";"0";"0.000120386";"0.000410176";NA;NA;NA;NA;"2017"
"9";"Alior Stabilnych Spó³ek (Alior SFIO)";"Alior Stabilnych Spó³ek";"5.28";"Alior";2009-03-24;200;100;"9.9";"akcji";"4";"4";0;"";"5.96";"0.000291418";"0.008614515";NA;NA;NA;NA;"2017"
"10";"Allianz PIMCO Emerging Local Bond (Allianz SFIO)";"Allianz SFIO PIMCO Emerging Local Bond";"2.8";"Allianz";2016-07-08;500;100;"22.3";"d³u¿ne";"1.55";"3";0;"";"";NA;NA;NA;NA;NA;NA;"2017"
"11";"Allianz PIMCO Emerging Markets Bond (Allianz SFIO)";"Allianz SFIO PIMCO Emerging Markets Bond";"1.6";"Allianz";2016-07-08;500;100;"28.6";"d³u¿ne";"1.55";"3";0;"";"";NA;NA;NA;NA;NA;NA;"2017"
"12";"Allianz PIMCO Global Bond (Allianz SFIO)";"Allianz SFIO PIMCO Global Bond";"2.4";"Allianz";2016-07-08;500;100;"6.8";"d³u¿ne";"1.55";"3";0;"";"";NA;NA;NA;NA;NA;NA;"2017"
"13";"Allianz PIMCO Global High Yield Bond (Allianz SFIO)";"Allianz SFIO PIMCO Global High Yield Bond";"1.58";"Allianz";2016-07-08;500;100;"72.3";"d³u¿ne";"1.55";"3";0;"";"";NA;NA;NA;NA;NA;NA;"2017"
"14";"Allianz PIMCO Global Investment Grade Credit (Allianz SFIO)";"Allianz SFIO PIMCO Global Investment Grade Credit";"1.49";"Allianz";2016-07-08;500;100;"6.3";"d³u¿ne";"1.55";"3";0;"";"";NA;NA;NA;NA;NA;NA;"2017"
"15";"Allianz PIMCO Income (Allianz SFIO)";"Allianz SFIO PIMCO Income";"1.75";"Allianz";2016-07-08;500;100;"97.4";"d³u¿ne";"1.55";"3";0;"";"";NA;NA;NA;NA;NA;NA;"2017"
"16";"ALTUS Absolutnej Stopy Zwrotu Rynku Polskiego (FIO Parasolowy)";"Altus FIO Parasolowy Subfundusz Absolutnej Stopy Zwotu Rynku Polskiego";"3.25";"Altus";2012-09-28;1000;100;"290.2";"absolutnej stopy zwrotu";"3.6";"4";0;"20%";"3.87";"0.000250274";"0.002661674";"-0.005348686";"0.005348686";"-0.006589591";"0.006701554";"2017"
"17";"ALTUS Absolutnej Stopy Zwrotu D³u¿ny (FIO Parasolowy)";"Altus FIO Parasolowy Subfundusz Absolutnej Stopy Zwrotu D³u¿ny";"1.53";"Altus";2012-09-28;1000;100;"470.6";"absolutnej stopy zwrotu";"1.5";"2";0;"20%";"1.64";"0.000193179";"0.001559832";"-0.002870248";"0.002870248";"-0.004420626";"0.00410441";"2017"
"18";"ALTUS Absolutnej Stopy Zwrotu Nowej Europy (FIO Parasolowy)";"Altus FIO Parasolowy Subfundusz Absolutnej Stopy Zwrotu Nowej Europy";"3.88";"Altus";2014-04-14;1000;100;"56.8";"absolutnej stopy zwrotu";"2.8";"4";0;"20%";"4.1";"0.000165909";"0.003032242";"-0.005034705";"0.005034705";"-0.006683019";"0.006952744";"2017"
"19";"ALTUS Akcji (FIO Parasolowy)";"Altus FIO Parasolowy Subfundusz Akcji";"3.3";"Altus";2012-09-28;1000;100;"53";"akcji";"3.6";"4";0;"20%";"4.07";"0.00045181";"0.007018771";"-0.012959787";"0.012959787";"-0.01776255";"0.018823377";"2017"
"20";"ALTUS Pieniê¿ny (FIO Parasolowy)";"Altus FIO Parasolowy Subfundusz Pieniê¿ny";"1.08";"Altus";2013-11-22;1000;100;"178.1";"pieniê¿ne";"0.95";"0";0;"20%";"1.13";"9.43047E-05";"0.000731485";"-0.001035685";"0.001035685";"-0.001492065";"0.0019556";"2017"
"21";"ALTUS Short (FIO Parasolowy)";"Altus FIO Parasolowy Subfundusz Short";"3.57";"Altus";2012-09-28;1000;100;"9.3";"akcji";"3.6";"4";0;"20%";"3.74";"-0.000366702";"0.008720055";"-0.013965852";"0.013965852";"-0.019257477";"0.019276393";"2017"
"22";"ALTUS Stabilnego Wzrostu";"Altus FIO Parasolowy Subfundusz Stabilnego Wzrostu";"3.45";"Altus";2013-05-31;1000;100;"16.9";"mieszane";"2.8";"3";0;"20%";"3.35";"0.000109507";"0.002395857";"-0.004461898";"0.004461898";"-0.006540867";"0.005390556";"2017"
"23";"Amundi P³ynnoœciowy (Amundi Parasolowy FIO)";"Amundi Subfundusz P³ynnoœciowy";"0.55";"Amundi";2014-03-05;500;100;"432.8";"pieniê¿ne";"0.3";"5";0;"";"0.55";"5.1005E-05";"0.000181435";"-0.000482608";"0.000482608";"-0.000767772";"0.000675187";"2017"
"24";"Arka BZ WBK Akcji Polskich (Arka BZ WBK FIO)";"Arka BZ WBK Akcji Polskich Subfundusz";"4.03";"WBK";1998-04-02;1000;500;"1159.9";"akcji";"4";"3";1;"";"3.78";"0.000406428";"0.008656238";"-0.015232027";"0.015232027";"-0.022971205";"0.019453548";"2017"
"25";"Arka BZ WBK Akcji Œrodkowej i Wschodniej Europy (Arka BZ WBK FIO)";"Arka BZ WBK Akcji Œrodkowej i Wschodniej Europy Subfundusz";"4.25";"WBK";2006-12-27;1000;500;"181.4";"akcji";"4";"3";1;"";"4.39";"0.000332768";"0.009858535";"-0.017947257";"0.017947257";"-0.02770725";"0.020361706";"2017"
"26";"Arka BZ WBK Akcji Tureckich (Arka BZ WBK FIO)";"Arka BZ WBK Akcji Tureckich Subfundusz";"4.27";"WBK";2007-10-29;1000;500;"144";"akcji";"4";"3";1;"";"4.57";"0.00017151";"0.015104361";"-0.029068275";"0.029068275";"-0.048523499";"0.038754093";"2017"
"27";"Arka BZ WBK Gotówkowy (Arka BZ WBK FIO)";"Arka BZ WBK Gotówkowy Subfundusz";"1.01";"WBK";1998-04-02;1000;500;"1725.9";"pieniê¿ne";"1";"3";1;"";"0.93";"4.51518E-05";"0.000359192";"-0.000601152";"0.000601152";"-0.000786898";"0.000903995";"2017"
"28";"Arka BZ WBK Obligacji Europejskich (Arka BZ WBK FIO)";"Arka BZ WBK Obligacji Europejskich Subfundusz";"1.65";"WBK";2003-08-18;1000;500;"100.3";"d³u¿ne";"1.6";"3";1;"";"1.54";"0.000133271";"0.004041066";"-0.006500729";"0.006500729";"-0.00890348";"0.009675995";"2017"
"29";"Arka BZ WBK Obligacji Korporacyjnych (Arka BZ WBK FIO)";"Arka BZ WBK Obligacji Korporacyjnych Subfundusz";"1.82";"WBK";2012-02-10;1000;500;"2501.9";"d³u¿ne";"1.9";"3";1;"";"1.7";"0.000122034";"0.000769834";"-0.001005131";"0.001005131";"-0.0019457";"0.001468984";"2017"
"30";"Arka BZ WBK Obligacji Skarbowych (Arka BZ WBK FIO)";"Arka BZ WBK Obligacji Skarbowych Subfundusz";"1.71";"WBK";2002-08-20;1000;500;"968.1";"d³u¿ne";"1.7";"3";1;"";"1.65";"-4.0453E-05";"0.001863525";"-0.002749164";"0.002749164";"-0.004474684";"0.004033395";"2017"
"31";"Arka BZ WBK Stabilnego Wzrostu (Arka BZ WBK FIO)";"Arka BZ WBK Stabilnego Wzrostu Subfundusz";"2.93";"WBK";1999-11-25;1000;500;"846";"mieszane";"2.9";"3";1;"";"2.6";"9.59343E-05";"0.003641621";"-0.00617569";"0.00617569";"-0.009623317";"0.007480674";"2017"
"32";"Arka BZ WBK Zrównowa¿ony (Arka BZ WBK FIO)";"Arka BZ WBK Zrównowa¿ony Subfundusz";"3.43";"WBK";1998-04-02;1000;500;"1030.3";"mieszane";"3.4";"3";1;"";"3.17";"0.000204881";"0.005469495";"-0.009542879";"0.009542879";"-0.014931274";"0.012315318";"2017"
"33";"Arka Platinum Dynamiczny (Arka BZ WBK FIO)";"Arka Platinum Dynamiczny";"3.41";"WBK";2007-12-27;1000;500;"70.4";"mieszane";"2.8";"3";1;"";"2.76";"0.000181781";"0.004719652";"-0.009558961";"0.009558961";"-0.014011034";"0.011665006";"2017"
"34";"Arka Platinum Konserwatywny (Arka BZ WBK FIO)";"Arka Platinum Konserwatywny";"1.82";"WBK";2012-02-10;1000;500;"221.3";"mieszane";"1.8";"3";1;"";"1.48";"1.48711E-05";"0.001423779";"-0.002813801";"0.002813801";"-0.003762711";"0.003172353";"2017"
"35";"Arka Platinum Stabilny (Arka BZ WBK FIO)";"Arka Platinum Stabilny";"2.35";"WBK";2006-05-30;1000;500;"109.7";"mieszane";"2.3";"3";1;"";"2.08";"6.32424E-05";"0.002406964";"-0.00500714";"0.00500714";"-0.006726644";"0.006509713";"2017"
"36";"Arka Presti¿ Akcji Polskich (Arka Presti¿ SFIO)";"Arka Presti¿ Akcji Polskich Subfundusz";"3.02";"WBK";2010-11-16;10000;1000;"410.6";"akcji";"3";"2";1;"";"3.04";"0.000460599";"0.007806319";"-0.013867197";"0.013867197";"-0.023140151";"0.015905509";"2017"
"37";"Arka Presti¿ Akcji Œrodkowej i Wschodniej Europy (Arka Presti¿ SFIO)";"Arka Presti¿ Akcji Œrodkowej i Wschodniej Europy Subfundusz";"3.39";"WBK";2010-11-16;10000;1000;"40.1";"akcji";"3";"2";1;"";"4.45";"0.000509941";"0.01035827";"-0.019249749";"0.019249749";"-0.029232194";"0.021175154";"2017"
"38";"Arka Presti¿ Gotówkowy (Arka Presti¿ SFIO)";"Arka Presti¿ Gotówkowy";"0.95";"WBK";2013-11-22;10000;1000;"336.8";"pieniê¿ne";"0.8";"2";1;"";"0.97";"4.02877E-05";"0.000414278";"-0.000672127";"0.000672127";"-0.001341528";"0.001391515";"2017"
"39";"Arka Presti¿ Obligacji Korporacyjnych (Arka Presti¿ SFIO)";"Arka Presti¿ Obligacji Korporacyjnych Subfundusz";"1.72";"WBK";2011-05-27;10000;1000;"3511.4";"d³u¿ne";"1.8";"2";1;"";"1.69";"0.000119812";"0.000775107";"-0.001026236";"0.001026236";"-0.002128494";"0.001412719";"2017"
"40";"Arka Presti¿ Obligacji Skarbowych (Arka Presti¿ SFIO)";"Arka Presti¿ Obligacji Skarbowych Subfundusz";"1.51";"WBK";2010-11-16;10000;1000;"330";"d³u¿ne";"1.5";"2";1;"";"1.5";"-2.63563E-05";"0.001882174";"-0.002790905";"0.002790905";"-0.004772361";"0.003875907";"2017"
"41";"Aviva Investors Obligacji (Aviva Investors FIO)";"Aviva Investors  Obligacji";"1.76";"Aviva";2002-04-08;1000;100;"709.7";"d³u¿ne";"1.75";"2";0;"";"1.75";"-8.0341E-06";"0.001510089";"-0.002446015";"0.002446015";"-0.003630128";"0.002981445";"2017"
"42";"Aviva Investors Polskich Akcji (Aviva Investors FIO)";"Aviva Investors  Polskich Akcji";"4.02";"Aviva";2002-04-08;1000;100;"873.7";"akcji";"4";"5";0;"";"4.05";"0.000513935";"0.006923734";"-0.013470614";"0.013470614";"-0.020260493";"0.01505736";"2017"
"43";"Aviva Investors Stabilnego Inwestowania (Aviva Investors FIO)";"Aviva Investors  Stabilnego Inwestowania";"3.02";"Aviva";2002-04-08;1000;100;"326.3";"mieszane";"3";"3";0;"";"3.03";"0.000113982";"0.002430705";"-0.004977214";"0.004977214";"-0.007041787";"0.005902285";"2017"
"44";"Aviva Investors Depozyt Plus (Aviva Investors FIO)";"Aviva Investors Depozyt Plus";"1.01";"Aviva";2002-04-08;1000;100;"186.2";"pieniê¿ne";"1";"1";0;"";"1.01";"1.66453E-05";"0.00037456";"-0.000625292";"0.000625292";"-0.001063413";"0.000963436";"2017"
"45";"Aviva Investors D³u¿nych Papierów Korporacyjnych (Aviva Investors FIO)";"Aviva Investors D³u¿nych Papierów Korporacyjnych";"1.02";"Aviva";2011-11-18;1000;100;"1032";"d³u¿ne";"1";"1";0;"10%";"1.15";"0.000164952";"0.000460099";"-0.000885706";"0.000885706";"-0.001309734";"0.001287285";"2017"
"46";"Aviva Investors Aktywnej Alokacji (Aviva Investors FIO)";"Aviva Investors FIO Aktywnej Alokacji";"2.05";"Aviva";2004-10-05;1000;100;"129.7";"mieszane";"2";"1";0;"10%";"2.23";"0.000161166";"0.007249211";"-0.013639238";"0.013639238";"-0.020364065";"0.016950534";"2017"
"47";"Aviva Investors SFIO Lokacyjny";"Aviva Investors Lokacyjny";"0.27";"Aviva";2016-08-22;500000;1000;"228.4";"d³u¿ne";"0.25";"0";0;"";"";NA;NA;NA;NA;NA;NA;"2017"
"48";"Aviva Investors Ma³ych Spó³ek (Aviva Investors FIO)";"Aviva Investors Ma³ych Spó³ek";"4.03";"Aviva";2008-04-08;1000;100;"188.1";"akcji";"4";"5";0;"";"4.02";"0.000396678";"0.006016564";"-0.011581348";"0.011581348";"-0.018029241";"0.013585792";"2017"
"49";"Aviva Investors Nowoczesnych Technologii (Aviva Investors FIO)";"Aviva Investors Nowoczesnych Technologii";"4.04";"Aviva";2008-04-08;1000;100;"171.8";"akcji";"4";"5";0;"";"4.13";"0.000452209";"0.005283389";"-0.009674035";"0.009674035";"-0.015555875";"0.01219358";"2017"
"50";"Aviva Investors Nowych Spó³ek (Aviva Investors FIO)";"Aviva Investors Nowych Spó³ek";"4.04";"Aviva";2008-04-08;1000;100;"141.2";"akcji";"4";"5";0;"";"4.09";"0.00031326";"0.004570537";"-0.009629624";"0.009629624";"-0.01438444";"0.011245737";"2017"
"51";"Aviva Investors Obligacji Dynamiczny (Aviva Investors FIO)";"Aviva Investors Obligacji Dynamiczny";"1.52";"Aviva";2011-11-18;1000;100;"625.2";"d³u¿ne";"1.5";"2";0;"10%";"1.8";"9.48594E-05";"0.001399482";"-0.002460431";"0.002460431";"-0.004126683";"0.003217462";"2017"
"52";"Aviva Investors Ochrony Kapita³u Plus (Aviva Investors FIO)";"Aviva Investors Ochrony Kapita³u Plus";"2.55";"Aviva";2004-10-06;1000;100;"69";"mieszane";"2.5";"3";0;"";"2.55";"0.000112192";"0.002005411";"-0.0035929";"0.0035929";"-0.005652477";"0.004175778";"2017"
"53";"Aviva Investors Optymalnego Wzrostu (Aviva Investors FIO)";"Aviva Investors Optymalnego Wzrostu";"2.57";"Aviva";2010-05-10;1000;100;"31";"mieszane";"2.5";"4";0;"10%";"2.57";"9.93973E-05";"0.005410041";"-0.011719267";"0.011719267";"-0.015243852";"0.013493481";"2017"
"54";"Aviva Investors Zrównowa¿ony (Aviva Investors FIO)";"Aviva Investors Zrównowa¿ony";"3.56";"Aviva";2006-12-29;1000;100;"88.7";"mieszane";"3.5";"0";0;"";"3.57";"0.000270765";"0.004143584";"-0.00805171";"0.00805171";"-0.012039576";"0.009096087";"2017"
"55";"Aviva Oszczêdnoœciowy (Aviva SFIO)";"Aviva Oszczêdnoœciowy";"1.59";"Aviva";2015-11-12;1000;100;"276.9";"absolutnej stopy zwrotu";"0.95";"0";0;"";"0.9";"6.39886E-05";"0.001987188";"-0.003442498";"0.003442498";"-0.004740949";"0.004552794";"2017"
"56";"AXA Akcji (AXA FIO)";"AXA FIO Subfundusz Akcji";"4.15";"AXA";2010-07-05;500;100;"277";"akcji";"4";"5";0;"";"4.23";"0.000241197";"0.008781482";"-0.015038057";"0.015038057";"-0.022784213";"0.017640868";"2017"
"57";"AXA Akcji Ma³ych i Œrednich Spó³ek (AXA FIO)";"AXA FIO Subfundusz Akcji Ma³ych I Œrednich Spó³ek";"3.98";"AXA";2014-03-11;500;100;"99.1";"akcji";"4";"5";0;"";"4.29";"0.000576375";"0.007862195";"-0.013707835";"0.013707835";"-0.020018074";"0.017547256";"2017"
"58";"AXA Lokacyjny (AXA FIO)";"AXA FIO Subfundusz Lokacyjny";"0.89";"AXA";2010-07-05;500;100;"356.5";"pieniê¿ne";"0.8";"0";0;"";"0.89";"6.32517E-05";"0.000242658";"-0.000464565";"0.000464565";"-0.000538226";"0.00065442";"2017"
"59";"AXA Obligacji (AXA FIO)";"AXA FIO Subfundusz Obligacji";"1.58";"AXA";2010-07-05;500;100;"519.9";"d³u¿ne";"1.5";"2";0;"";"1.58";"-1.56966E-05";"0.001499293";"-0.002574443";"0.002574443";"-0.003890646";"0.003204309";"2017"
"60";"AXA Obligacji Korporacyjnych (AXA FIO)";"AXA FIO Subfundusz Obligacji Korporacyjnych";"1.64";"AXA";2010-07-05;500;100;"110.4";"d³u¿ne";"1.5";"2";0;"";"1.65";"0.000105705";"0.000450803";"-0.000815378";"0.000815378";"-0.000993179";"0.001101047";"2017"
"61";"AXA Selektywny Akcji Polskich (AXA FIO)";"AXA FIO Subfundusz Sektywny Akcji Polskich";"4.16";"AXA";2010-07-05;500;100;"120.6";"akcji";"4";"5";0;"";"4.36";"0.00036176";"0.008515758";"-0.014916467";"0.014916467";"-0.022175081";"0.018750454";"2017"
"62";"AXA Selective Equity (AXA FIO)";"AXA FIO Subfundusz Selective Equity";"4.21";"AXA";2010-07-05;500;100;"126.6";"akcji";"4";"5";0;"";"4.48";"0.000280534";"0.009480219";"-0.017357363";"0.017357363";"-0.027799506";"0.020870109";"2017"
"63";"AXA Stabilnego Wzrostu (AXA FIO)";"AXA FIO Subfundusz Stabilnego Wzrostu";"3.44";"AXA";2010-07-05;500;100;"93.6";"mieszane";"3.25";"4";0;"";"3.47";"9.00963E-05";"0.003839607";"-0.006214649";"0.006214649";"-0.008968285";"0.007450967";"2017"
"64";"BG¯ BNP Paribas Aktywnego Inwestowania (BG¯ BNP Paribas FIO)";"BG¯ BNP Paribas FIO Subfundusz Aktywnego Inwestowania";"3.5";"BG¯ BNP";2016-03-31;200;100;"219.6";"mieszane";"2.9";"2";0;"10%";"1.33";NA;NA;NA;NA;NA;NA;"2017"
"65";"BG¯ BNP Paribas Dynamicznego Inwestowania (BG¯ BNP Paribas FIO)";"BG¯ BNP Paribas FIO Subfundusz Dynamicznego Inwestowania";"4.4";"BG¯ BNP";2016-03-31;200;100;"87.5";"akcji";"3.8";"3";0;"20%";"2.03";NA;NA;NA;NA;NA;NA;"2017"
"66";"BG¯ BNP Paribas Globalny Dynamicznego Wzrostu (BG¯ BNP Paribas FIO)";"BG¯ BNP Paribas FIO Subfundusz Globalny Dynamicznego Wzrostu";"4.2";"BG¯ BNP";2016-03-31;200;100;"26.3";"akcji";"3.6";"3";0;"20%";"1.7";NA;NA;NA;NA;NA;NA;"2017"
"67";"BG¯ BNP Paribas Globalny Stabilnego Wzrostu (BG¯ BNP Paribas FIO)";"BG¯ BNP Paribas FIO Subfundusz Globalny Stabilnego Wzrostu";"3.5";"BG¯ BNP";2016-03-31;200;100;"107.9";"mieszane";"3";"2";0;"20%";"1.26";NA;NA;NA;NA;NA;NA;"2017"
"68";"BG¯ BNP Paribas Obligacji (BG¯ BNP Paribas FIO)";"BG¯ BNP Paribas FIO Subfundusz Obligacji";"1.8";"BG¯ BNP";2016-03-31;200;100;"146.8";"d³u¿ne";"1.5";"2";0;"20%";"";NA;NA;NA;NA;NA;NA;"2017"
"69";"BG¯ BNP Paribas Pieniê¿ny (BG¯ BNP Paribas FIO)";"BG¯ BNP Paribas FIO Subfundusz Pieniê¿ny";"1.2";"BG¯ BNP";2016-03-31;200;100;"487.1";"pieniê¿ne";"1";"0";0;"";"0.96";NA;NA;NA;NA;NA;NA;"2017"
"70";"BG¯ BNP Paribas Stabilnego Inwestowania (BG¯ BNP Paribas FIO)";"BG¯ BNP Paribas FIO Subfundusz Stabilnego Inwestowania";"3.4";"BG¯ BNP";2016-03-31;200;100;"10.1";"mieszane";"3";"2";0;"20%";"1.21";NA;NA;NA;NA;NA;NA;"2017"
"71";"BG¯ Konserwatywny (BG¯ SFIO)";"BG¯ SFIO Konserwatywny";"2.26";"BG¯ BNP";2014-05-15;100;100;"41.7";"d³u¿ne";"0.4";"0";0;"";"0.67";"6.47649E-05";"0.000734077";"-0.001568112";"0.001568112";"-0.002406776";"0.001991317";"2017"
"72";"BNP Paribas Akcji (BNP Paribas FIO)";"BNP Paribas FIO Subfundusz BNP Paribas Akcji";"2.9";"BNP";2005-01-18;200;100;"36.5";"akcji";"2";"3";0;"20%";"2.85";"0.000470653";"0.008780711";"-0.015483606";"0.015483606";"-0.023361157";"0.019277685";"2017"
"73";"BNP Paribas Papierów D³u¿nych (BNP Paribas FIO)";"BNP Paribas FIO Subfundusz BNP Paribas Papierów D³u¿nych";"2.02";"BNP";2010-12-21;200;100;"15";"d³u¿ne";"1";"2";0;"10%";"1.7";"-3.57244E-06";"0.001526598";"-0.002842006";"0.002842006";"-0.004190284";"0.003641942";"2017"
"74";"BNP Paribas Stabilnego Wzrostu (BNP Paribas FIO)";"BNP Paribas FIO Subfundusz BNP Paribas Stabilnego Wzrostu";"2.92";"BNP";2005-01-18;200;100;"23.5";"mieszane";"2";"2";0;"20%";"2.86";"0.000123973";"0.003354553";"-0.006157904";"0.006157904";"-0.009734824";"0.007188993";"2017"
"75";"BPS Akcji (BPS FIO)";"BPS Akcji";"4.16";"BPS";2011-05-10;100;50;"23.3";"akcji";"4";"4";0;"";"4.13";"0.000382576";"0.009092256";"-0.015131903";"0.015131903";"-0.023118284";"0.018868537";"2017"
"76";"BPS Obligacji (BPS FIO)";"BPS Obligacji";"1.26";"BPS";2011-05-10;100;50;"20.7";"d³u¿ne";"1.2";"2";0;"";"1.25";"1.49225E-05";"0.001934697";"-0.002852356";"0.002852356";"-0.004738439";"0.004173154";"2017"
"77";"BPS Obligacji Korporacyjnych (BPS SFIO)";"BPS Obligacji Korporacyjnych";"1.03";"BPS";2013-09-26;160000;10000;"37.5";"d³u¿ne";"0.95";"2";0;"20%";"1.24";"9.37582E-05";"0.000735186";"-0.000802551";"0.000802551";"-0.001545225";"0.001274333";"2017"
"78";"BPS Pieniê¿ny (BPS FIO)";"BPS Pieniê¿ny";"0.94";"BPS";2011-05-10;100;50;"82";"pieniê¿ne";"0.9";"0";0;"";"1.03";"4.61359E-05";"0.000685059";"-0.000912342";"0.000912342";"-0.00162326";"0.00137928";"2017"
"79";"BPS P³ynnoœciowy (BPS SFIO)";"BPS P³ynnoœciowy";"0.71";"BPS";2013-09-26;100;50;"";"pieniê¿ne";"0.65";"0";0;"";"0.98";"4.70077E-05";"0.000686858";"-0.00079158";"0.00079158";"-0.001496877";"0.001177318";"2017"
"80";"BPS Stabilnego Wzrostu (BPS FIO)";"BPS Stabilnego Wzrostu";"2.23";"BPS";2011-05-10;100;50;"13.6";"mieszane";"2";"3";0;"";"2.87";"0.000204691";"0.003758857";"-0.005696375";"0.005696375";"-0.009055165";"0.007273476";"2017"
"81";"Caspar Akcji Europejskich";"Caspar Akcji Europejskich";"4.32";"Caspar";2012-11-02;1000;100;"43.8";"akcji";"3.5";"4";0;"";"";"0.000713727";"0.008668563";"-0.015149785";"0.015149785";"-0.025737304";"0.018697823";"2017"
"82";"Caspar Akcji Polskich (Caspar Parasolowy FIO)";"Caspar Akcji Polskich";"4.23";"Caspar";2012-11-02;1000;100;"26";"akcji";"3.5";"4";0;"";"4.29";"0.000517028";"0.00740895";"-0.014316027";"0.014316027";"-0.024190826";"0.015931422";"2017"
"83";"Caspar Globalny (Caspar Parasolowy FIO)";"Caspar Globalny";"2.87";"Caspar";2015-12-15;1000;100;"10.9";"mieszane";"1.95";"4";0;"15%";"3.05";"0.000296285";"0.007530093";"-0.009821558";"0.009821558";"-0.016303328";"0.013987904";"2017"
"84";"Caspar Ochrony Kapita³u (Caspar Parasolowy FIO)";"Caspar Ochrony Kapita³u";"0.17";"Caspar";2012-11-02;1000;100;"9.8";"d³u¿ne";"0.05";"0";0;"";"0.48";"3.93339E-05";"0.00077673";"-0.001295869";"0.001295869";"-0.001738196";"0.001642941";"2017"
"85";"Credit Agricole Akcji Nowej Europy (Credit Agricole FIO)";"Credit Agricole fio Subfundusz Credit Agricole Akcji Nowej Europy";"4.41";"Credit Agricole";2008-05-13;1000;500;"7.5";"akcji";"3.95";"3";1;"";"4.87";"0.000346368";"0.009758097";"-0.017739104";"0.017739104";"-0.028133983";"0.019461588";"2017"
"86";"Credit Agricole Akcyjny (Credit Agricole FIO)";"Credit Agricole fio Subfundusz Credit Agricole Akcyjny";"2.98";"Credit Agricole";2006-11-03;1000;500;"67.4";"akcji";"2.95";"3";1;"";"3.1";"0.00054565";"0.007547871";"-0.013833153";"0.013833153";"-0.021671617";"0.016065665";"2017"
"87";"Credit Agricole Dynamiczny Polski (Credit Agricole FIO)";"Credit Agricole fio Subfundusz Credit Agricole Dynamiczny Polski";"2.8";"Credit Agricole";2005-09-26;1000;500;"89.6";"mieszane";"2.75";"3";1;"";"2.88";"0.000299086";"0.004870746";"-0.008983257";"0.008983257";"-0.014576424";"0.010253425";"2017"
"88";"Credit Agricole Lokacyjny (Credit Agricole FIO)";"Credit Agricole fio Subfundusz Credit Agricole Lokacyjny";"1.96";"Credit Agricole";2006-11-03;1000;500;"73.9";"pieniê¿ne";"1.95";"2";1;"";"1.96";"1.39942E-05";"0.000286389";"-0.000535704";"0.000535704";"-0.000723165";"0.000803445";"2017"
"89";"Credit Agricole Stabilnego Wzrostu (Credit Agricole FIO)";"Credit Agricole fio Subfundusz Credit Agricole Stabilnego Wzrostu";"2.27";"Credit Agricole";2003-05-05;1000;500;"301.3";"mieszane";"2.25";"3";1;"";"2.27";"0.000118732";"0.002841081";"-0.004940825";"0.004940825";"-0.007628565";"0.005721483";"2017"
"90";"ING BSK Indeks MSCI EMU (ING BSK Fundusze Indeksowe SFIO)";"ING BSK Indeks MSCI EMU";"1.85";"ING";2015-11-23;100;50;"12.3";"akcji";"1.6";"0";0;"";"1.96";"0.000105405";"0.014337311";"-0.017892527";"0.017892527";"-0.031670074";"0.025507531";"2017"
"91";"ING BSK Indeks S&P 500 (ING BSK Fundusze Indeksowe SFIO)";"ING BSK Indeks S&P 500";"1.85";"ING";2015-11-23;100;50;"11.8";"akcji";"1.6";"0";0;"";"1.84";"0.000419145";"0.008448122";"-0.011226392";"0.011226392";"-0.01906885";"0.016641803";"2017"
"92";"ING BSK Indeks WIG 20 (ING BSK Fundusze Indeksowe SFIO)";"ING BSK Indeks WIG 20";"1.85";"ING";2015-11-23;100;50;"21.5";"akcji";"1.6";"0";0;"";"1.85";"0.000330096";"0.012482125";"-0.019077842";"0.019077842";"-0.029353864";"0.025321906";"2017"
"93";"NN (L) Ameryki £aciñskiej (NN SFIO)";"NN (L) Ameryki £aciñskiej";"2.98";"NN";2009-11-23;200;50;"25.7";"akcji";"2.5";"5";0;"";"2.5";"0.000962129";"0.016102656";"-0.025132616";"0.025132616";"-0.037114257";"0.034754692";"2017"
"94";"NN (L) Depozytowy (NN SFIO)";"NN (L) Depozytowy";"0.75";"NN";2011-08-02;200;50;"167.5";"pieniê¿ne";"0.75";"0";0;"";"0.75";"3.5562E-05";"0.000254477";"-0.000610197";"0.000610197";"-0.00076366";"0.000910742";"2017"
"95";"NN (L) Dynamiczny Globalnej Alokacji (NN SFIO)";"NN (L) Dynamiczny Globalnej Alokacji";"2.89";"NN";2010-10-15;200;50;"48.3";"absolutnej stopy zwrotu";"2.5";"5";0;"";"2.47";"5.60022E-05";"0.007622554";"-0.019080818";"0.019080818";"-0.027050549";"0.026833772";"2017"
"96";"NN (L) Europejski Spó³ek Dywidendowych (NN SFIO)";"NN (L) Europejski Spó³ek Dywidendowych";"2.93";"NN";2009-11-23;200;50;"204.6";"akcji";"2.5";"5";0;"";"2.48";"9.64902E-05";"0.013737392";"-0.024057355";"0.024057355";"-0.039283029";"0.029001581";"2017"
"97";"NN (L) Globalny D³ugu Korporacyjnego (NN SFIO)";"NN (L) Globalny D³ugu Korporacyjnego";"2.18";"NN";2009-11-23;200;50;"598.5";"d³u¿ne";"1.8";"2";0;"";"1.78";"0.00060545";"0.003543941";"-0.005761242";"0.005761242";"-0.00894411";"0.007686152";"2017"
"98";"NN (L) Globalny Spó³ek Dywidendowych (NN SFIO)";"NN (L) Globalny Spó³ek Dywidendowych";"2.93";"NN";2009-11-23;200;50;"679.8";"akcji";"2.5";"5";0;"";"2.49";"0.000489841";"0.010662952";"-0.021088553";"0.021088553";"-0.02956192";"0.027840065";"2017"
"99";"NN (L) Japonia (NN SFIO)";"NN (L) Japonia";"3.2";"NN";2009-11-23;200;50;"203.2";"akcji";"2.5";"5";0;"";"2.5";"-0.000161554";"0.016728396";"-0.027033276";"0.027033276";"-0.041060946";"0.041113306";"2017"
"100";"BPH FIO Strategii Akcyjnej";"Rockbridge FIO Strategii Akcyjnej";"2.6";"Rockbridge";2008-10-20;1000;100;"8.7";"absolutnej stopy zwrotu";"2.5";"3";0;"20%";"2.64";"0.0002164";"0.003338646";"-0.006105448";"0.006105448";"-0.009442554";"0.007582141";"2017"
"101";"BPH Akcji (BPH FIO Parasolowy)";"Rockbridge Subfundusz Akcji";"4.03";"Rockbridge";1999-07-28;1000;100;"149.5";"akcji";"4";"4";0;"";"4.05";"0.000289896";"0.008532944";"-0.017140265";"0.017140265";"-0.024354343";"0.022245622";"2017"
"102";"BPH Akcji Rynków Wschodz¹cych (BPH FIO Parasolowy)";"Rockbridge Subfundusz Akcji Rynków Wschodz¹cych";"4.43";"Rockbridge";2001-02-01;1000;100;"20.2";"akcji";"4";"4";0;"";"4.32";"0.000236586";"0.008563936";"-0.016411234";"0.016411234";"-0.024824567";"0.018325151";"2017"
"103";"BPH Dywidendowy (BPH FIO Parasolowy)";"Rockbridge Subfundusz Dywidendowy";"5.99";"Rockbridge";2016-02-15;1000;100;"19";"akcji";"3.5";"4";0;"";"4.33";"0.000797935";"0.005644742";NA;NA;NA;NA;"2017"
"104";"BPH Obligacji 1 (BPH FIO Parasolowy)";"Rockbridge Subfundusz Obligacji 1";"2.02";"Rockbridge";1999-08-03;1000;100;"178.2";"d³u¿ne";"2";"1";0;"";"2";"-2.56611E-06";"0.001368539";"-0.00198449";"0.00198449";"-0.003918346";"0.003222202";"2017"
"105";"BPH Obligacji 2 (BPH FIO Parasolowy)";"Rockbridge Subfundusz Obligacji 2";"2.03";"Rockbridge";1999-04-22;1000;100;"97.9";"d³u¿ne";"2";"1";0;"";"2.01";"6.55499E-06";"0.00138739";"-0.002467482";"0.002467482";"-0.00419019";"0.003479611";"2017"
"106";"BPH Obligacji Korporacyjnych (BPH FIO Parasolowy)";"Rockbridge Subfundusz Obligacji Korporacyjnych";"1.02";"Rockbridge";2000-01-31;1000;100;"217.8";"d³u¿ne";"1";"2";0;"20%";"1.02";"7.53645E-05";"0.000523777";"-0.000736282";"0.000736282";"-0.001529583";"0.001445695";"2017"
"107";"BPH Selektywny (BPH FIO Parasolowy)";"Rockbridge Subfundusz Selektywny";"3.02";"Rockbridge";2009-05-08;1000;100;"107";"absolutnej stopy zwrotu";"3";"4";0;"";"3.03";"0.000107024";"0.002389248";"-0.004650231";"0.004650231";"-0.007381808";"0.005252825";"2017"
"108";"BPH Skarbowy (BPH FIO Parasolowy)";"Rockbridge Subfundusz Skarbowy";"1.52";"Rockbridge";1997-04-21;1000;100;"214.4";"pieniê¿ne";"1.5";"1";1;"";"1.52";"2.42111E-05";"0.000420558";"-0.000701866";"0.000701866";"-0.001440107";"0.001007793";"2017"
"109";"BPH Stabilnego Wzrostu (BPH FIO Parasolowy)";"Rockbridge Subfundusz Stabilnego Wzrostu";"3.02";"Rockbridge";1997-04-21;1000;100;"231.9";"mieszane";"3";"2";0;"";"3.03";"9.12953E-05";"0.003423138";"-0.006670244";"0.006670244";"-0.009845498";"0.00767918";"2017"
"110";"BPH Superior Akcji (BPH Superior FIO)";"Rockbridge Subfundusz Superior Akcji";"1.2";"Rockbridge";2015-06-22;500000;1000;"6.8";"akcji";"0.7";"0";0;"25%";"1.21";"0.000456154";"0.008448574";"-0.014328612";"0.014328612";"-0.021101481";"0.01950487";"2017"
"111";"BPH Superior Obligacji (BPH Superior FIO)";"Rockbridge Subfundusz Superior Obligacji";"0.51";"Rockbridge";2015-06-22;500000;1000;"13.7";"d³u¿ne";"0.35";"0";0;"25%";"0.69";"7.99988E-05";"0.001629433";"-0.00254511";"0.00254511";"-0.004333766";"0.003913489";"2017"
"112";"BPH Superior Pieniê¿ny (BPH Superior FIO)";"Rockbridge Subfundusz Superior Pieniê¿ny";"0.42";"Rockbridge";2015-06-22;500000;1000;"16.5";"pieniê¿ne";"0.3";"0";0;"25%";"0.48";"6.87201E-05";"0.00033358";"-0.000517357";"0.000517357";"-0.000994519";"0.000800795";"2017"
"113";"BPH Superior Rynku Surowców (BPH Superior FIO)";"Rockbridge Subfundusz Superior Rynku Surowców";"7.06";"Rockbridge";2016-05-11;500000;1000;"10.2";"inne";"0.6";"0";0;"25%";"11.63";NA;NA;NA;NA;NA;NA;"2017"
"114";"BPH Superior Selektywny (BPH Superior FIO)";"Rockbridge Subfundusz Superior Selektywny";"0.59";"Rockbridge";2015-06-22;500000;1000;"22";"absolutnej stopy zwrotu";"0.5";"0";0;"25%";"0.86";"0.000190416";"0.002217433";"-0.004012228";"0.004012228";"-0.006546298";"0.00438956";"2017"
"115";"BPH Zrównowa¿ony (BPH FIO Parasolowy)";"Rockbridge Subfundusz Zrównowa¿ony";"4.03";"Rockbridge";1999-11-03;1000;100;"183.1";"mieszane";"4";"3";0;"";"4.04";"0.000135606";"0.005501223";"-0.010982313";"0.010982313";"-0.018806198";"0.014935085";"2017"
"116";"Copernicus Akcji (Copernicus FIO)";"Subfundusz Akcji";"5.56";"Copernicus";2010-07-08;500;100;"2.5";"akcji";"3.25";"2";0;"20%";"6.15";NA;NA;NA;NA;NA;NA;"2017"
"117";"Allianz Akcji (Allianz FIO)";"subfundusz Allianz Akcji";"4.1";"Allianz";2004-01-28;200;50;"285.1";"akcji";"4";"4";0;"";"4";"0.000318222";"0.00909099";"-0.016237756";"0.016237756";"-0.023927691";"0.020299548";"2017"
"118";"Allianz Akcji Globalnych (Allianz FIO)";"Subfundusz Allianz Akcji Globalnych";"3.47";"Allianz";2014-01-09;200;50;"20.5";"akcji";"3";"4";0;"";"3.47";"0.000166843";"0.008229277";"-0.015451689";"0.015451689";"-0.023689577";"0.02089847";"2017"
"119";"Allianz Akcji Ma³ych i Œrednich Spó³ek (Allianz FIO)";"subfundusz Allianz Akcji Ma³ych i Œrednich Spó³ek";"4.16";"Allianz";2007-11-21;200;50;"149";"akcji";"4";"4";0;"";"4.15";"0.000418549";"0.007364";"-0.013786914";"0.013786914";"-0.022502589";"0.016269069";"2017"
"120";"Allianz Aktywnej Alokacji (Allianz FIO)";"subfundusz Allianz Aktywnej Alokacji";"3.89";"Allianz";2005-12-16;200;50;"144.1";"mieszane";"3.75";"3";0;"";"3.55";"4.22178E-05";"0.003741133";"-0.007916676";"0.007916676";"-0.011066441";"0.009656471";"2017"
"121";"Allianz Defensywna Multistrategia (Allianz SFIO)";"Subfundusz Allianz Defensywna Multistrategia";"1.86";"Allianz";2016-01-18;500;100;"4.4";"mieszane";"1.5";"3";0;"";"1.75";"0.000122545";"0.002049204";NA;NA;NA;NA;"2017"
"122";"Allianz Dynamiczna Multistrategia (Allianz SFIO)";"Subfundusz Allianz Dynamiczna Multistrategia";"3.21";"Allianz";2016-01-18;500;100;"5";"mieszane";"2.5";"4";0;"";"3.03";"0.000462023";"0.004769182";NA;NA;NA;NA;"2017"
"123";"Allianz Dywidendowy Akcji Europejskich (Allianz SFIO)";"Subfundusz Allianz Dywidendowy Akcji Europejskich";"3.29";"Allianz";2016-01-18;500;100;"5.8";"akcji";"2.5";"4";0;"";"3.29";"0.000198069";"0.007335427";NA;NA;NA;NA;"2017"
"124";"Allianz Europe Equity Growth Select (Allianz SFIO)";"Subfundusz Allianz Europe Equity Growth Select";"2.56";"Allianz";2016-06-10;500;100;"13.2";"akcji";"2.5";"4";0;"";"1.41";NA;NA;NA;NA;NA;NA;"2017"
"125";"Allianz Globalny Stabilnego Dochodu (Allianz FIO)";"Subfundusz Allianz Globalny Stabilnego Dochodu";"2.59";"Allianz";2015-10-15;200;50;"50.6";"mieszane";"2";"3";0;"";"2.59";"0.000306248";"0.001821009";"-0.003044224";"0.003044224";"-0.00425464";"0.004016232";"2017"
"126";"Allianz India Equity (Allianz SFIO)";"Subfundusz Allianz India Equity";"0.72";"Allianz";2016-06-20;500;100;"6.6";"akcji";"2.5";"4";0;"";"0";NA;NA;NA;NA;NA;NA;"2017"
"127";"Allianz Ma³ych Spó³ek Europejskich (Allianz SFIO)";"Subfundusz Allianz Ma³ych Spó³ek Europejskich";"2.95";"Allianz";2016-01-18;500;100;"10.6";"akcji";"2.5";"4";0;"";"2.74";NA;NA;NA;NA;NA;NA;"2017"
"128";"Allianz Obligacji Plus (Allianz FIO)";"subfundusz Allianz Obligacji Plus";"1.59";"Allianz";2004-01-28;200;50;"246.3";"d³u¿ne";"1.5";"1";0;"";"1.21";"0.000153941";"0.000547298";"-0.001709725";"0.001709725";"-0.002029306";"0.001958377";"2017"
"129";"Allianz Pieniê¿ny (Allianz FIO)";"subfundusz Allianz Pieniê¿ny";"1.07";"Allianz";2005-12-16;200;50;"343";"pieniê¿ne";"1";"0";0;"";"0.97";"7.85153E-05";"0.000437931";"-0.000932385";"0.000932385";"-0.001305823";"0.001167728";"2017"
"130";"Allianz Polskich Obligacji Skarbowych (Allianz FIO)";"subfundusz Allianz Polskich Obligacji Skarbowych";"1.64";"Allianz";2005-12-16;200;50;"104.9";"d³u¿ne";"1.5";"1";0;"";"1.63";"4.85173E-05";"0.001316004";"-0.002833185";"0.002833185";"-0.003949172";"0.003435429";"2017"
"131";"Allianz Selektywny (Allianz FIO)";"subfundusz Allianz Selektywny";"4.21";"Allianz";2007-11-21;200;50;"114.1";"akcji";"4";"4";0;"";"4.2";"0.000359726";"0.008360856";"-0.014871748";"0.014871748";"-0.021481204";"0.018551985";"2017"
"132";"Allianz Stabilnego Wzrostu (Allianz FIO)";"subfundusz Allianz Stabilnego Wzrostu";"3.59";"Allianz";2004-01-28;200;50;"252.3";"mieszane";"3.5";"3";0;"";"3.53";"9.06408E-05";"0.003404589";"-0.006033673";"0.006033673";"-0.008866864";"0.006956435";"2017"
"133";"Allianz Surowców i Energii (Allianz FIO)";"Subfundusz Allianz Surowców i Energii";"3.6";"Allianz";2014-01-09;200;50;"27.2";"inne";"3";"4";0;"";"3.68";"0.000646612";"0.008903746";"-0.018715206";"0.018715206";"-0.027873545";"0.024087298";"2017"
"134";"Allianz Zbalansowana Multistrategia (Allianz SFIO)";"Subfundusz Allianz Zbalansowana Multistrategia";"2.41";"Allianz";2016-01-18;500;100;"4.6";"mieszane";"2";"4";0;"";"";"0.00026488";"0.003461233";NA;NA;NA;NA;"2017"
"135";"Copernicus D³u¿ny Skarbowy Plus (Copernicus FIO)";"Subfundusz D³u¿ny Skarbowy Plus";"3.39";"Copernicus";2012-07-16;500;100;"3.8";"d³u¿ne";"2";"1";0;"";"3.74";NA;NA;NA;NA;NA;NA;"2017"
"136";"Eques Akcji (Eques SFIO)";"Subfundusz EQUES Akcji SFIO";"6.15";"Eques";2012-05-17;100;50;"8.3";"akcji";"4.25";"4";0;"10%";"6.74";"0.000374374";"0.008790021";"-0.015457339";"0.015457339";"-0.021375457";"0.021282557";"2017"
"137";"Eques Aktywnej Alokacji (Eques SFIO)";"Subfundusz Eques Aktywnej Alokacji SFIO";"7.35";"Eques";2012-05-17;100;50;"4.4";"mieszane";"4";"3";0;"10%";"6.71";"0.000372791";"0.005118721";"-0.008470773";"0.008470773";"-0.010951622";"0.012340792";"2017"
"138";"Eques Obligacji (Eques SFIO)";"Subfundusz EQUES Obligacji SFIO";"2.03";"Eques";2012-05-17;100;50;"5";"d³u¿ne";"1.75";"1";0;"5%";"0.97";"7.76068E-05";"0.000880507";"-0.001875357";"0.001875357";"-0.004189651";"0.002672942";"2017"
"139";"Eques Pieniê¿ny (Eques SFIO)";"Subfundusz EQUES Pieniê¿ny SFIO";"1.84";"Eques";2012-05-17;100;50;"7";"d³u¿ne";"0.9";"0";0;"";"1.45";"8.51458E-05";"0.000481489";"-0.00110074";"0.00110074";"-0.003440127";"NaN";"2017"
"140";"Copernicus Spó³ek Wzrostowych (Copernicus FIO)";"Subfundusz Spó³ek Wzrostowych";"4.74";"Copernicus";2010-07-08;500;100;"8.5";"akcji";"3.25";"2";0;"20%";"5.74";NA;NA;NA;NA;NA;NA;"2017"
"141";"AGIO Agresywny Spó³ek Wzrostowych";"AGIO Agresywny Spó³ek Wzrostowych";"5.14";"AGIO";2011-12-29;100;100;"23";NA;"3.95";"4";0;"10";"6.23";"0.000888573";"0.017172162";"-0.030467343";"0.030467343";"-0.032940176";"0.04392884";"2018"
"142";"AGIO Akcji PLUS";"AGIO AKCJI PLUS";"5.11";"AGIO";2016-02-18;100;100;"23.1";NA;"4";"4";0;"10";"5.88";"0.000365402";"0.006201428";"-0.010840703";"0.010840703";"-0.013619232";"0.013733103";"2018"
"143";"AGIO Kapita³";"Agio Kapita³";"1.5";"AGIO";2009-07-09;167500;5000;"430.1";NA;"1.3";"0.5";0;"20";"1.61";"0.00071696";"0.000581401";"-0.000883807";"0.000883807";"-0.001961633";"0.001161275";"2018"
"144";"AGIO Kapita³ PLUS";"AGIO Kapita³ PLUS";"1.75";"AGIO";2012-04-23;100;100;"121.4";NA;"1.3";"0.5";0;"10";"2.06";"0.000127236";"0.000365931";"-0.000710931";"0.000710931";"-0.000976626";"0.000927309";"2018"
"145";"Alior Agresywny";"Alior Agresywny";"7.28";"Alior";2010-03-29;200;100;"3.8";NA;"3";"3";0;"20";"7.29";"-2.68946E-05";"0.004814266";"-0.009538023";"0.009538023";"-0.012099741";"0.011174488";"2018"
"146";"Alior Multi Asset";"Alior Multi Asset";"7.28";"Alior";2009-03-24;200;100;"6.9";NA;"2.5";"4";0;"0";"7.29";"0.000123265";"0.003022211";"-0.007919811";"0.007919811";"NaN";"0.0086699";"2018"
"147";"Alior Papierów D³u¿nych";"Alior Papierów D³u¿nych";"3.21";"Alior";2013-04-11;200;100;"9";NA;"1.2";"0.5";0;"20";"3.21";"0.000130287";"0.001185127";"-0.002193725";"0.002193725";"-0.003338503";"0.002812715";"2018"
"148";"Alior Pieniê¿ny";"Alior Pieniê¿ny";"1";"Alior";2016-02-24;200;100;"58.9";NA;"0.6";"0.3";0;"20";"1.43";"0.000138298";"0.000478345";"-0.000816866";"0.000816866";"-0.001328894";"0.001222843";"2018"
"149";"Alior Stabilnych Spó³ek";"Alior Stabilnych Spó³ek";"6.37";"Alior";2009-03-24;200;100;"4.9";NA;"3";"3";0;"0";"6.37";"0.000281189";"0.006066447";"-0.01178518";"0.01178518";"-0.013756976";"0.016577851";"2018"
"150";"Allianz PIMCO Emerging Local Bond";"Allianz SFIO PIMCO Emerging Local Bond";"1.72";"Allianz";2016-07-08;500;100;"48.2";NA;"1.55";"2.5";0;"0";"1.73";"0.000421184";"0.004381279";"-0.007894914";"0.007894914";"-0.011790792";"0.010653103";"2018"
"151";"Allianz PIMCO Emerging Markets Bond";"Allianz SFIO PIMCO Emerging Markets Bond";"1.7";"Allianz";2016-07-08;500;100;"75.1";NA;"1.55";"2.5";0;"0";"1.7";"0.000301522";"0.001766467";"-0.003764213";"0.003764213";"-0.005152167";"0.004114004";"2018"
"152";"Allianz PIMCO Global Bond";"Allianz SFIO PIMCO Global Bond";"1.7";"Allianz";2016-07-08;500;100;"9.9";NA;"1.05";"2.5";0;"0";"1.7";"0.000105942";"0.001114809";"-0.001946108";"0.001946108";"-0.002377923";"0.002397051";"2018"
"153";"Allianz PIMCO Global High Yield Bond";"Allianz SFIO PIMCO Global High Yield Bond";"1.7";"Allianz";2016-07-08;500;100;"66.5";NA;"1.55";"2.5";0;"0";"1.41";"0.000198708";"0.001261045";"-0.002464337";"0.002464337";"-0.003366145";"0.003315189";"2018"
"154";"Allianz PIMCO Global Investment Grade Credit";"Allianz SFIO PIMCO Global Investment Grade Credit";"1.72";"Allianz";2016-07-08;500;100;"8.5";NA;"1.05";"2.5";0;"0";"1.71";"0.000179327";"0.001482893";"-0.002557306";"0.002557306";"-0.003217097";"0.003024635";"2018"
"155";"Allianz PIMCO Income";"Allianz SFIO PIMCO Income";"1.72";"Allianz";2016-07-08;500;100;"320.8";NA;"1.55";"2.5";0;"0";"1.72";"0.000196654";"0.000783309";"-0.001334844";"0.001334844";"-0.001537391";"0.001612357";"2018"
"156";"ALTUS Absolutnej Stopy Zwrotu Rynku Polskiego";"Altus FIO Parasolowy Subfundusz Absolutnej Stopy Zwotu Rynku Polskiego";"3.83";"Altus";2012-09-28;1000;100;"125.7";NA;"3.6";"4";0;"20";"3.97";"8.07061E-05";"0.002333401";"-0.004063869";"0.004063869";"-0.005157889";"0.007118869";"2018"
"157";"ALTUS Absolutnej Stopy Zwrotu D³u¿ny";"Altus FIO Parasolowy Subfundusz Absolutnej Stopy Zwrotu D³u¿ny";"1.59";"Altus";2012-09-28;1000;100;"467.8";NA;"1.5";"2";0;"20";"3";"0.000222414";"0.000846392";"-0.001997912";"0.001997912";"-0.002168655";"0.003272834";"2018"
"158";"ALTUS Absolutnej Stopy Zwrotu Nowej Europy";"Altus FIO Parasolowy Subfundusz Absolutnej Stopy Zwrotu Nowej Europy";"4.04";"Altus";2014-04-14;1000;100;"34.4";NA;"3.6";"4";0;"20";"5.59";"0.000251326";"0.002595748";"-0.004688625";"0.004688625";"-0.006389237";"0.006601689";"2018"
"159";"ALTUS Akcji";"Altus FIO Parasolowy Subfundusz Akcji";"3.93";"Altus";2012-09-28;1000;100;"30.6";NA;"3.6";"4";0;"20";"4.01";"0.000668061";"0.005640385";"-0.010126247";"0.010126247";"-0.010508875";"0.013516242";"2018"
"160";"ALTUS Pieniê¿ny";"Altus FIO Parasolowy Subfundusz Pieniê¿ny";"1.08";"Altus";2013-11-22;1000;100;"196.9";NA;"0.95";"0";0;"20";"1.42";"9.51686E-05";"0.000424451";"-0.001010742";"0.001010742";"-0.001089523";"0.001381861";"2018"
"161";"ALTUS Short";"Altus FIO Parasolowy Subfundusz Short";"5.4";"Altus";2012-09-28;1000;100;"13.6";NA;"3.6";"4";0;"20";"3.71";"-0.000723329";"0.007062405";"-0.013118147";"0.013118147";"-0.016743318";"0.014183091";"2018"
"162";"ALTUS Stabilnego Wzrostu";"Altus FIO Parasolowy Subfundusz Stabilnego Wzrostu";"3.72";"Altus";2013-05-31;1000;100;"12.4";NA;"2.8";"3";0;"20";"3.73";"5.49158E-05";"0.002010775";"-0.00379918";"0.00379918";"-0.004435568";"0.005725945";"2018"
"163";"Amundi P³ynnoœciowy";"Amundi Subfundusz P³ynnoœciowy";"0.72";"Amundi";2014-03-05;500;100;"927.9";NA;"0.5";"5";0;"0";"0.52";"8.29255E-05";"0.000144026";"-0.000244974";"0.000244974";"-0.000343195";"0.000322224";"2018"
"164";"Arka BZ WBK Akcji Polskich";"Arka BZ WBK Akcji Polskich Subfundusz";"4.02";"Arka BZ WBK";1998-04-02;1000;100;"868.5";NA;"4";"0";NA;"0";"3.7";"0.000637691";"0.006621199";"-0.012400883";"0.012400883";"-0.013188907";"0.016127754";"2018"
"165";"Arka BZ WBK Akcji Œrodkowej i Wschodniej Europy";"Arka BZ WBK Akcji Œrodkowej i Wschodniej Europy Subfundusz";"4.15";"Arka BZ WBK";2006-12-27;1000;100;"147.2";NA;"4";"0";NA;"0";"4.01";"0.000591708";"0.005574565";"-0.012489257";"0.012489257";"-0.013748628";"0.015777255";"2018"
"166";"Arka BZ WBK Akcji Tureckich";"Arka BZ WBK Akcji Tureckich Subfundusz";"4.23";"Arka BZ WBK";2007-10-29;1000;100;"88.9";NA;"4";"0";NA;"0";"4.22";"0.00044336";"0.011796216";"-0.022318304";"0.022318304";"-0.030495387";"0.031936251";"2018"
"167";"Arka BZ WBK Gotówkowy";"Arka BZ WBK Gotówkowy Subfundusz";"1";"Arka BZ WBK";1998-04-02;1000;100;"2292.7";NA;"1";"0";NA;"0";"0.93";"9.85338E-05";"0.000227219";"-0.000467127";"0.000467127";"-0.000668022";"0.000671054";"2018"
"168";"Arka BZ WBK Obligacji Europejskich";"Arka BZ WBK Obligacji Europejskich Subfundusz";"1.64";"Arka BZ WBK";2003-08-18;1000;100;"70.6";NA;"1.6";"0";NA;"0";"1.54";"-0.000118779";"0.002400631";"-0.005284198";"0.005284198";"-0.00616548";"0.00626121";"2018"
"169";"Arka BZ WBK Obligacji Korporacyjnych";"Arka BZ WBK Obligacji Korporacyjnych Subfundusz";"1.9";"Arka BZ WBK";2012-02-10;1000;100;"3018.8";NA;"1.9";"0";NA;"0";"1.78";"0.000163306";"0.000326699";"-0.001053826";"0.001053826";"NaN";"NaN";"2018"
"170";"Arka BZ WBK Obligacji Skarbowych";"Arka BZ WBK Obligacji Skarbowych Subfundusz";"1.71";"Arka BZ WBK";2002-08-20;1000;100;"922.8";NA;"1.7";"0";NA;"0";"1.66";"0.000182926";"0.001335566";"-0.003077929";"0.003077929";"-0.00359048";"0.00403201";"2018"
"171";"Arka BZ WBK Stabilnego Wzrostu";"Arka BZ WBK Stabilnego Wzrostu Subfundusz";"2.91";"Arka BZ WBK";1999-11-25;1000;100;"954.9";NA;"2.9";"0";NA;"0";"2.54";"0.000354362";"0.002235462";"-0.005005486";"0.005005486";"NaN";"0.00612794";"2018"
"172";"Arka BZ WBK Zrównowa¿ony";"Arka BZ WBK Zrównowa¿ony Subfundusz";"3.42";"Arka BZ WBK";1998-04-02;1000;100;"901.3";NA;"3.4";"0";NA;"0";"3.13";"0.00044383";"0.003847033";"-0.007577404";"0.007577404";"-0.007900384";"0.009555085";"2018"
"173";"Arka Platinum Dynamiczny";"Arka Platinum Dynamiczny";"3.34";"Arka BZ WBK";2007-12-27;1000;100;"48.7";NA;"2.8";"0";NA;"0";"2.77";"6.04811E-05";"0.002938903";"-0.005662319";"0.005662319";"-0.006888895";"0.00705322";"2018"
"174";"Arka Platinum Konserwatywny";"Arka Platinum Konserwatywny";"1.82";"Arka BZ WBK";2012-02-10;1000;100;"178.6";NA;"1.8";"0";NA;"0";"1.71";"0.000125352";"0.000975394";"-0.002109825";"0.002109825";"-0.002450981";"0.002650224";"2018"
"175";"Arka Platinum Stabilny";"Arka Platinum Stabilny";"2.34";"Arka BZ WBK";2006-05-30;1000;100;"82.2";NA;"2.3";"0";NA;"0";"2.24";"9.91191E-05";"0.001501384";"-0.002850416";"0.002850416";"-0.003314335";"0.003430832";"2018"
"176";"Arka Presti¿ Akcji Polskich";"Arka Presti¿ Akcji Polskich Subfundusz";"3";"Arka Presti¿";2010-11-16;10000;1000;"314.8";NA;"3";"0";NA;"0";"3";"0.000651376";"0.006334034";"-0.01143895";"0.01143895";"-0.014287283";"0.015061971";"2018"
"177";"Arka Presti¿ Akcji Œrodkowej i Wschodniej Europy";"Arka Presti¿ Akcji Œrodkowej i Wschodniej Europy Subfundusz";"3.27";"Arka Presti¿";2010-11-16;10000;1000;"36.3";NA;"3";"0";NA;"0";"3.54";"0.000700505";"0.006227172";"-0.013235761";"0.013235761";"-0.017937675";"0.015717473";"2018"
"178";"Arka Presti¿ Gotówkowy";"Arka Presti¿ Gotówkowy";"0.95";"Arka Presti¿";2013-11-22;10000;1000;"1067.8";NA;"0.8";"0";NA;"0";"0.95";"0.000102051";"0.000216721";"-0.00051041";"0.00051041";"-0.000716963";"0.000634097";"2018"
"179";"Arka Presti¿ Obligacji Korporacyjnych";"Arka Presti¿ Obligacji Korporacyjnych Subfundusz";"1.8";"Arka Presti¿";2011-05-27;10000;1000;"4093.4";NA;"1.8";"0";NA;"0";"1.8";"0.000168269";"0.000329253";"-0.001066806";"0.001066806";"NaN";"NaN";"2018"
"180";"Arka Presti¿ Obligacji Skarbowych";"Arka Presti¿ Obligacji Skarbowych Subfundusz";"1.51";"Arka Presti¿";2010-11-16;10000;1000;"317.6";NA;"1.5";"0";NA;"0";"1.51";"0.00019202";"0.0013529";"-0.003138434";"0.003138434";"-0.00358396";"0.003967112";"2018"
"181";"Aviva Investors Obligacji";"Aviva Investors  Obligacji";"1.76";"Aviva Investors";2002-04-08;1000;100;"726.1";NA;"1.75";"2";0;"0";"1.76";"0.000129527";"0.000889702";"-0.002125417";"0.002125417";"-0.002701205";"0.002704721";"2018"
"182";"Aviva Investors Polskich Akcji";"Aviva Investors  Polskich Akcji";"4.03";"Aviva Investors";2002-04-08;1000;100;"793.9";NA;"4";"4.5";0;"0";"4.03";"0.000445253";"0.005695101";"-0.010127861";"0.010127861";"-0.01202834";"0.013912867";"2018"
"183";"Aviva Investors Stabilnego Inwestowania";"Aviva Investors  Stabilnego Inwestowania";"3.03";"Aviva Investors";2002-04-08;1000;100;"293.9";NA;"3";"3";0;"0";"3.03";"0.000156638";"0.001759372";"-0.00314026";"0.00314026";"-0.003819537";"0.00380807";"2018"
"184";"Aviva Investors Depozyt Plus";"Aviva Investors Depozyt Plus";"1.01";"Aviva Investors";2002-04-08;1000;100;"187.4";NA;"1";"1";0;"0";"1.01";"8.0582E-05";"0.000241326";"-0.000496793";"0.000496793";"-0.000586216";"0.000652822";"2018"
"185";"Aviva Investors D³u¿nych Papierów Korporacyjnych";"Aviva Investors D³u¿nych Papierów Korporacyjnych";"1.01";"Aviva Investors";2011-11-18;1000;100;"1053.9";NA;"1";"1";0;"10";"1.18";"0.000125867";"0.000212799";"-0.000540591";"0.000540591";"NaN";"0.000688783";"2018"
"186";"Aviva Investors Aktywnej Alokacji";"Aviva Investors FIO Aktywnej Alokacji";"2.07";"Aviva Investors";2004-10-05;1000;100;"119.7";NA;"2";"1";0;"10";"2.85";"0.000276212";"0.003420729";"-0.007964457";"0.007964457";"-0.008579652";"0.012498785";"2018"
"187";"Aviva Investors SFIO Lokacyjny";"Aviva Investors Lokacyjny";"0.26";"Aviva Investors";2016-08-22;1000;100;"358.2";NA;"0.25";"0";0;"0";"0.26";"9.63018E-05";"0.000168176";"-0.0002926";"0.0002926";"-0.000516705";"0.000377624";"2018"
"188";"Aviva Investors Ma³ych Spó³ek";"Aviva Investors Ma³ych Spó³ek";"4.03";"Aviva Investors";2008-04-08;1000;100;"111.7";NA;"4";"4.5";0;"0";"4.03";"-0.000173743";"0.005250446";"-0.008636623";"0.008636623";"-0.011611504";"0.010712146";"2018"
"189";"Aviva Investors Nowoczesnych Technologii";"Aviva Investors Nowoczesnych Technologii";"4.04";"Aviva Investors";2008-04-08;1000;100;"115.3";NA;"4";"4.5";0;"0";"4.04";"7.67736E-05";"0.004493044";"-0.007596409";"0.007596409";"-0.010650494";"0.009497136";"2018"
"190";"Aviva Investors Nowych Spó³ek";"Aviva Investors Nowych Spó³ek";"4.04";"Aviva Investors";2008-04-08;1000;100;"92.2";NA;"4";"4.5";0;"0";"4.04";"6.72771E-05";"0.004364224";"-0.00709151";"0.00709151";"-0.009747637";"0.009281408";"2018"
"191";"Aviva Investors Obligacji Dynamiczny";"Aviva Investors Obligacji Dynamiczny";"1.52";"Aviva Investors";2011-11-18;1000;100;"561.8";NA;"1.5";"2";0;"10";"1.81";"0.000178386";"0.000864685";"-0.002140865";"0.002140865";"-0.002501438";"0.002714136";"2018"
"192";"Aviva Investors Ochrony Kapita³u Plus";"Aviva Investors Ochrony Kapita³u Plus";"2.55";"Aviva Investors";2004-10-06;1000;100;"50.4";NA;"2.5";"2.5";0;"0";"2.55";"4.26148E-05";"0.001244468";"-0.002528557";"0.002528557";"-0.003117681";"0.002935681";"2018"
"193";"Aviva Investors Optymalnego Wzrostu";"Aviva Investors Optymalnego Wzrostu";"2.61";"Aviva Investors";2010-05-10;1000;100;"20.4";NA;"2.5";"3.5";0;"10";"2.61";"-0.000186912";"0.003780579";"-0.007377979";"0.007377979";"-0.009228377";"0.00968498";"2018"
"194";"Aviva Investors Zrównowa¿ony";"Aviva Investors Zrównowa¿ony";"3.56";"Aviva Investors";2006-12-29;1000;100;"71.8";NA;"3.5";"3.5";0;"0";"3.56";"0.000219595";"0.003115891";"-0.005787874";"0.005787874";"-0.007007768";"0.007773153";"2018"
"195";"Aviva Oszczêdnoœciowy";"Aviva Oszczêdnoœciowy";"1.59";"Aviva";2015-11-12;1000;100;"371";NA;"0.95";"0";0;"0";"0.96";"-7.0727E-05";"0.001925187";"-0.003369997";"0.003369997";"-0.004861284";"0.005105637";"2018"
"196";"AXA Akcji";"AXA FIO Subfundusz Akcji";"4.25";"AXA";2010-07-05;100;100;"271.9";NA;"4";"5";0;"0";"4.25";"0.000646856";"0.006723324";"-0.012702203";"0.012702203";"-0.014205339";"0.01666486";"2018"
"197";"AXA Akcji Ma³ych i Œrednich Spó³ek";"AXA FIO Subfundusz Akcji Ma³ych I Œrednich Spó³ek";"4.19";"AXA";2014-03-11;100;100;"115.2";NA;"4";"5";0;"0";"4.19";"0.000598531";"0.005363785";"-0.01085184";"0.01085184";"-0.011938271";"0.014845144";"2018"
"198";"AXA Lokacyjny";"AXA FIO Subfundusz Lokacyjny";"0.9";"AXA";2010-07-05;100;100;"348.9";NA;"0.8";"0";0;"0";"0.88";"9.78331E-05";"0.000193903";"-0.000317304";"0.000317304";"-0.000418552";"0.000402987";"2018"
"199";"AXA Obligacji";"AXA FIO Subfundusz Obligacji";"1.58";"AXA";2010-07-05;100;100;"451.4";NA;"1.5";"2";0;"0";"1.58";"0.000139398";"0.001016327";"-0.002237306";"0.002237306";"-0.002552026";"0.002852647";"2018"
"200";"AXA Obligacji Korporacyjnych";"AXA FIO Subfundusz Obligacji Korporacyjnych";"1.67";"AXA";2010-07-05;100;100;"80.9";NA;"1.5";"2";0;"0";"1.5";"6.914E-05";"0.000219791";"-0.000543241";"0.000543241";"-0.000924669";"0.000721049";"2018"
"201";"AXA Selektywny Akcji Polskich";"AXA FIO Subfundusz Sektywny Akcji Polskich";"4.3";"AXA";2010-07-05;100;100;"92.5";NA;"4";"5";0;"0";"4.3";"0.000746513";"0.00632233";"-0.012167607";"0.012167607";"-0.014363443";"0.015658802";"2018"
"202";"AXA Selective Equity";"AXA FIO Subfundusz Selective Equity";"4.17";"AXA";2010-07-05;100;100;"146";NA;"4";"5";0;"0";"4.51";"0.001047108";"0.006970274";"-0.012887441";"0.012887441";"-0.018009408";"0.015326703";"2018"
"203";"AXA Stabilnego Wzrostu";"AXA FIO Subfundusz Stabilnego Wzrostu";"3.54";"AXA";2010-07-05;100;100;"112.2";NA;"3.25";"3.5";0;"0";"3.75";"0.000240915";"0.003243716";"-0.005913232";"0.005913232";"-0.007057719";"0.007634591";"2018"
"204";"BG¯ BNP Paribas Aktywnego Inwestowania";"BG¯ BNP Paribas FIO Subfundusz Aktywnego Inwestowania";"2.15";"BG¯ BNP Paribas";2016-03-31;200;100;"311.4";NA;"2.9";"2";0;"10";"2.66";"6.98958E-05";"0.000450231";"-0.000858146";"0.000858146";"-0.000944819";"0.001148429";"2018"
"205";"BG¯ BNP Paribas Dynamicznego Inwestowania";"BG¯ BNP Paribas FIO Subfundusz Dynamicznego Inwestowania";"3.98";"BG¯ BNP Paribas";2016-03-31;200;100;"128.3";NA;"3.8";"2.5";0;"20";"3.99";"0.000645993";"0.006616788";"-0.011633963";"0.011633963";"-0.013168528";"0.015479723";"2018"
"206";"BG¯ BNP Paribas Globalny Dynamicznego Wzrostu";"BG¯ BNP Paribas FIO Subfundusz Globalny Dynamicznego Wzrostu";"3.48";"BG¯ BNP Paribas";2016-03-31;200;100;"42.8";NA;"3.6";"2.5";0;"20";"3.48";"0.000491521";"0.003772745";"-0.007410588";"0.007410588";"-0.008252121";"0.009098143";"2018"
"207";"BG¯ BNP Paribas Globalny Stabilnego Wzrostu";"BG¯ BNP Paribas FIO Subfundusz Globalny Stabilnego Wzrostu";"2.98";"BG¯ BNP Paribas";2016-03-31;200;100;"201.1";NA;"3";"2";0;"20";"2.98";"0.000180362";"0.001341133";"-0.002644295";"0.002644295";"-0.002961347";"0.003638248";"2018"
"208";"BG¯ BNP Paribas Obligacji";"BG¯ BNP Paribas FIO Subfundusz Obligacji";"1.68";"BG¯ BNP Paribas";2016-03-31;200;100;"279.8";NA;"1.5";"1.5";0;"20";"1.68";"0.000171916";"0.000867498";"-0.001970403";"0.001970403";"-0.002420352";"0.002762394";"2018"
"209";"BG¯ BNP Paribas Pieniê¿ny";"BG¯ BNP Paribas FIO Subfundusz Pieniê¿ny";"1.13";"BG¯ BNP Paribas";2016-03-31;200;100;"737.4";NA;"1";"0.5";0;"0";"1.13";"0.000132282";"0.000212052";"-0.000482895";"0.000482895";"-0.000536198";"0.000600893";"2018"
"210";"BG¯ BNP Paribas Stabilnego Inwestowania";"BG¯ BNP Paribas FIO Subfundusz Stabilnego Inwestowania";"2.94";"BG¯ BNP Paribas";2016-03-31;200;100;"12.3";NA;"3";"2";0;"20";"2.97";"0.000310531";"0.002206958";"-0.004188612";"0.004188612";"-0.005618501";"0.005274423";"2018"
"211";"BG¯ Konserwatywny";"BG¯ SFIO Konserwatywny";"0.92";"BG¯";2014-05-15;100;100;"20.2";NA;"0.4";"1";0;"0";"0.92";"0.000121611";"0.000446821";"-0.001090535";"0.001090535";"-0.00170466";"0.001564554";"2018"
"212";"BNP Paribas Akcji";"BNP Paribas FIO Subfundusz BNP Paribas Akcji";"2.66";"BNP Paribas";2005-01-18;200;100;"27.4";NA;"2";"2.5";0;"20";"2.66";"0.000668051";"0.006428148";"-0.012307186";"0.012307186";"-0.013746526";"0.016530698";"2018"
"213";"BNP Paribas Papierów D³u¿nych";"BNP Paribas FIO Subfundusz BNP Paribas Papierów D³u¿nych";"1.74";"BNP Paribas";2010-12-21;200;100;"6.3";NA;"1";"1.5";0;"10";"1.74";"0.000130895";"0.000824886";"-0.002270143";"0.002270143";"-0.00293327";"0.002568052";"2018"
"214";"BNP Paribas Stabilnego Wzrostu";"BNP Paribas FIO Subfundusz BNP Paribas Stabilnego Wzrostu";"2.98";"BNP Paribas";2005-01-18;200;100;"15.7";NA;"2";"2";0;"20";"2.99";"0.000271928";"0.002142835";"-0.004443267";"0.004443267";"-0.005974977";"0.005429802";"2018"
"215";"BPS Akcji";"BPS Akcji";"4.17";"BPS";2011-05-10;100;50;"17.8";NA;"4";"4";0;"0";"4.17";"0.000399952";"0.00677662";"-0.012762348";"0.012762348";"-0.014285572";"0.016197135";"2018"
"216";"BPS Obligacji";"BPS Obligacji";"1.33";"BPS";2011-05-10;100;50;"19";NA;"1.2";"2";0;"0";"1.33";"0.000168804";"0.000907411";"-0.00292024";"0.00292024";"NaN";"0.003329997";"2018"
"217";"BPS Obligacji Korporacyjnych";"BPS Obligacji Korporacyjnych";"1.09";"BPS";2013-09-26;100;50;"15.6";NA;"0.95";"0";0;"20";"1.42";"0.000156958";"0.000786683";"-0.001499055";"0.001499055";"-0.002922908";"0.00220725";"2018"
"218";"BPS Pieniê¿ny";"BPS Pieniê¿ny";"0.95";"BPS";2011-05-10;100;50;"82";NA;"0.9";"0";0;"0";"0.95";"0.000139313";"0.000592324";"-0.001191959";"0.001191959";"-0.002108262";"0.001623693";"2018"
"219";"BPS P³ynnoœciowy";"BPS P³ynnoœciowy";"0.8";"BPS";2013-09-26;100;50;"26.7";NA;"0.65";"0";0;"20";"1.67";"0.000175333";"0.00102738";"-0.001585754";"0.001585754";"-0.002492222";"0.002463732";"2018"
"220";"BPS Stabilnego Wzrostu";"BPS Stabilnego Wzrostu";"2.21";"BPS";2011-05-10;100;50;"14.9";NA;"2";"3";0;"0";"2.2";"0.000198096";"0.00236551";"-0.005168747";"0.005168747";"-0.005859847";"0.005924872";"2018"
"221";"Caspar Akcji Europejskich";"Caspar Akcji Europejskich";"4.29";"Caspar Parasolowy";2012-11-02;1000;100;"61.4";NA;"3.5";"3.5";0;"0";"4.4";"0.000923403";"0.007763823";"-0.012066773";"0.012066773";"-0.01790592";"0.015046956";"2018"
"222";"Caspar Akcji Polskich";"Caspar Akcji Polskich";"4.42";"Caspar";2012-11-02;1000;100;"3.7";NA;"3.5";"3.5";0;"0";"4.5";"-0.000196923";"0.005319558";"-0.010101823";"0.010101823";"-0.013844414";"0.013639277";"2018"
"223";"Caspar Globalny";"Caspar Globalny";"3.2";"Caspar";2015-12-15;1000;100;"9.3";NA;"1.95";"3.5";0;"15";"3.53";"0.000154447";"0.004489455";"-0.00881911";"0.00881911";"-0.009907893";"0.011573167";"2018"
"224";"Caspar Ochrony Kapita³u";"Caspar Ochrony Kapita³u";"0.69";"Caspar";2012-11-02;1000;100;"14.6";NA;"0.75";"0";0;"0";"0.69";"0.000109789";"0.000675289";"-0.001178984";"0.001178984";"-0.001754039";"0.001635076";"2018"
"225";"Credit Agricole Akcji Nowej Europy";"Credit Agricole fio Subfundusz Credit Agricole Akcji Nowej Europy";"4.72";"Credit Agricole";2008-05-13;1000;500;"5.9";NA;"3.95";NA;NA;"0";"4.91";"0.000701237";"0.005588266";"-0.012440754";"0.012440754";"-0.015082582";"0.014725097";"2018"
"226";"Credit Agricole Akcyjny";"Credit Agricole fio Subfundusz Credit Agricole Akcyjny";"2.98";"Credit Agricole";2006-11-03;1000;500;"54";NA;"2.95";NA;NA;"0";"3.05";"0.000964187";"0.005394201";"-0.010514306";"0.010514306";"-0.011879817";"0.013945263";"2018"
"227";"Credit Agricole Dynamiczny Polski";"Credit Agricole fio Subfundusz Credit Agricole Dynamiczny Polski";"2.83";"Credit Agricole";2005-09-26;1000;500;"77";NA;"2.75";NA;NA;"0";"2.86";"0.000636667";"0.003347045";"-0.00661368";"0.00661368";"-0.007463896";"0.00885145";"2018"
"228";"Credit Agricole Lokacyjny";"Credit Agricole fio Subfundusz Credit Agricole Lokacyjny";"1.97";"Credit Agricole";2006-11-03;1000;500;"62.1";NA;"1.95";NA;NA;"0";"1.97";"6.49412E-05";"0.000224251";"-0.000384742";"0.000384742";"-0.000575961";"0.000554326";"2018"
"229";"Credit Agricole Stabilnego Wzrostu";"Credit Agricole fio Subfundusz Credit Agricole Stabilnego Wzrostu";"2.28";"Credit Agricole";2003-05-05;1000;500;"262";NA;"2.25";NA;NA;"0";"2.3";"0.000411955";"0.001730078";"-0.003954905";"0.003954905";"-0.004315519";"0.004823612";"2018"
"230";"ING BSK Indeks MSCI EMU";"ING BSK Indeks MSCI EMU";"1.84";"ING BSK Fundusze Indeksowe";2015-11-23;100;50;"5.5";NA;"1.6";"0";0;"0";"1.85";"0.000530992";"0.006303803";"-0.015251842";"0.015251842";"-0.016998618";"0.025078855";"2018"
"231";"ING BSK Indeks S&P 500";"ING BSK Indeks S&P 500";"1.84";"ING BSK Fundusze Indeksowe";2015-11-23;100;50;"12.3";NA;"1.6";"0";0;"0";"1.85";"0.000757256";"0.004208778";"-0.009385151";"0.009385151";"-0.014953152";"0.010631063";"2018"
"232";"ING BSK Indeks WIG 20";"ING BSK Indeks WIG 20";"1.85";"ING BSK Fundusze Indeksowe";2015-11-23;100;50;"10.9";NA;"1.6";"0";0;"0";"1.85";"0.000977872";"0.009552493";"-0.018000988";"0.018000988";"-0.019250595";"0.023909154";"2018"
"233";"NN (L) Ameryki £aciñskiej";"NN (L) Ameryki £aciñskiej";"2.96";"NN";2009-11-23;200;50;"19.6";NA;"2.5";"5";0;"0";"2.51";"0.000591716";"0.011982445";"-0.02368719";"0.02368719";"-0.051511248";"0.042067241";"2018"
"234";"NN (L) Depozytowy";"NN (L) Depozytowy";"0.75";"NN";2011-08-02;200;50;"179.2";NA;"0.75";"0";0;"0";"0.75";"6.16843E-05";"0.001220977";"-0.001315729";"0.001315729";"-0.00932577";"0.009412818";"2018"
"235";"NN (L) Dynamiczny Globalnej Alokacji";"NN (L) Dynamiczny Globalnej Alokacji";"2.87";"NN";2010-10-15;200;50;"29.2";NA;"2.5";"5";0;"0";"2.45";"0.000144041";"0.003213909";"-0.006614742";"0.006614742";"-0.008774056";"0.007675026";"2018"
"236";"NN (L) Europejski Spó³ek Dywidendowych";"NN (L) Europejski Spó³ek Dywidendowych";"2.93";"NN";2009-11-23;200;50;"147.7";NA;"2.5";"5";0;"0";"2.49";"0.000311889";"0.006294647";"-0.015588452";"0.015588452";"-0.02825286";"0.028541929";"2018"
"237";"NN (L) Globalny D³ugu Korporacyjnego";"NN (L) Globalny D³ugu Korporacyjnego";"2.19";"NN";2009-11-23;200;50;"457.6";NA;"1.8";"1.5";0;"0";"1.79";"0.000173895";"0.00316399";"-0.005430649";"0.005430649";"-0.015452171";"0.015635526";"2018"
"238";"NN (L) Globalny Spó³ek Dywidendowych";"NN (L) Globalny Spó³ek Dywidendowych";"2.92";"NN";2009-11-23;200;50;"478.1";NA;"2.5";"5";0;"0";"2.43";"7.65347E-05";"0.005739367";"-0.012200322";"0.012200322";"-0.014860905";"0.016847304";"2018"
"239";"NN (L) Japonia";"NN (L) Japonia";"3.18";"NN";2009-11-23;200;50;"212.5";NA;"2.5";"5";0;"0";"2.48";"0.000810561";"0.006910695";"-0.018289761";"0.018289761";"-0.020860423";"0.022935176";"2018"
"240";"Rockbridge FIO Strategii Akcyjnej";"Rockbridge FIO Strategii Akcyjnej";"2.69";"Rockbridge";2008-10-20;1000;100;"5.1";NA;"2.5";"2.5";0;"20";"3.09";"0.000350684";"0.003002151";"-0.004485698";"0.004485698";"-0.006113059";"0.006989279";"2018"
"241";"Rockbridge Akcji";"Rockbridge Subfundusz Akcji";"4.05";"Rockbridge";1999-07-28;1000;100;"104";NA;"4";"4";0;"0";"4.19";"0.000343053";"0.005282075";"-0.010381406";"0.010381406";"-0.011821027";"0.012562882";"2018"
"242";"Rockbridge Akcji Rynków Wschodz¹cych";"Rockbridge Subfundusz Akcji Rynków Wschodz¹cych";"4.41";"Rockbridge";2001-02-01;1000;100;"17.4";NA;"4";"4";0;"0";"4.58";"0.000277638";"0.006361479";"-0.011627535";"0.011627535";"-0.014264921";"0.014077179";"2018"
"243";"Rockbridge Dywidendowy";"Rockbridge Subfundusz Dywidendowy";"3.72";"Rockbridge";2016-02-15;1000;100;"10.6";NA;"3.5";"4";0;"0";"4.28";"0.000230353";"0.00459592";"-0.008408417";"0.008408417";"-0.018579638";"0.012261313";"2018"
"244";"Rockbridge Obligacji";"Rockbridge Subfundusz Obligacji 1";"2.07";"Rockbridge";1999-08-03;1000;100;"134.6";NA;"2";"0.8";0;"0";"2.08";"0.000120203";"0.000878401";"-0.002087504";"0.002087504";"-0.003206343";"0.003040799";"2018"
"245";"Rockbridge Obligacji 2";"Rockbridge Subfundusz Obligacji 2";"2.06";"Rockbridge";1999-04-22;1000;100;"56.8";NA;"2";"0.8";0;"0";"2.08";"0.000129193";"0.000885563";"-0.002102493";"0.002102493";"-0.003202418";"0.00285836";"2018"
"246";"Rockbridge Obligacji Korporacyjnych";"Rockbridge Subfundusz Obligacji Korporacyjnych";"1.06";"Rockbridge";2000-01-31;1000;100;"140.9";NA;"1";"1.5";0;"25";"1.34";"0.000144407";"0.00037601";"-0.000823304";"0.000823304";"NaN";"0.00143472";"2018"
"247";"Rockbridge Selektywny";"Rockbridge Subfundusz Selektywny";"3.02";"Rockbridge";2009-05-08;1000;100;"106.7";NA;"3";"4";0;"0";"3.13";"0.000227071";"0.001947182";"-0.00330686";"0.00330686";"-0.003873702";"0.00456982";"2018"
"248";"Rockbridge Skarbowy";"Rockbridge Subfundusz Skarbowy";"1.51";"Rockbridge";1997-04-21;1000;100;"146.1";NA;"1.5";"0";0;"0";"1.52";"0.000108226";"0.000350868";"-0.000594279";"0.000594279";"-0.000842105";"0.001099255";"2018"
"249";"Rockbridge Stabilnego Wzrostu";"Rockbridge Subfundusz Stabilnego Wzrostu";"3.04";"Rockbridge";1997-04-21;1000;100;"174.3";NA;"3";"2.5";0;"0";"3.09";"0.000170425";"0.001822213";"-0.003951184";"0.003951184";"-0.004368968";"0.004590196";"2018"
"250";"Rockbridge Superior Akcji";"Rockbridge Subfundusz Superior Akcji";"1.51";"Rockbridge Superior";2015-06-22;500000;1000;"2.1";NA;"0.7";"0";0;"25";"1.67";"0.000483384";"0.0049654";"-0.009993903";"0.009993903";"-0.011940452";"0.012379765";"2018"
"251";"Rockbridge Superior Obligacji";"Rockbridge Subfundusz Superior Obligacji";"0.79";"Rockbridge Superior";2015-06-22;500000;1000;"8.6";NA;"0.35";"0";0;"25";"0.82";"0.000212003";"0.001047595";"-0.002457912";"0.002457912";"-0.003242908";"0.003156783";"2018"
"252";"Rockbridge Superior Pieniê¿ny";"Rockbridge Subfundusz Superior Pieniê¿ny";"0.6";"Rockbridge Superior";2015-06-22;500000;1000;"9.2";NA;"0.3";"0";0;"25";"1.14";"0.000119443";"0.000228144";"-0.000418452";"0.000418452";"-0.000548829";"0.000597221";"2018"
"253";"Rockbridge Superior Rynku Surowców";"Rockbridge Subfundusz Superior Rynku Surowców";"1.3";"Rockbridge Superior";2016-05-11;500000;1000;"0.9";NA;"0.6";"0";0;"25";"3.17";"0.000108588";"0.005446705";"-0.009545481";"0.009545481";"-0.015775934";"0.012602584";"2018"
"254";"Rockbridge Superior Selektywny";"Rockbridge Subfundusz Superior Selektywny";"0.88";"Rockbridge Superior";2015-06-22;500000;1000;"6.8";NA;"0.5";"0";0;"25";"4.07";"0.00043413";"0.002332097";"-0.002791608";"0.002791608";"-0.004497331";"0.005387935";"2018"
"255";"Rockbridge Zrównowa¿ony";"Rockbridge Subfundusz Zrównowa¿ony";"4.04";"Rockbridge";1999-11-03;1000;100;"126.6";NA;"4";"3";0;"0";"4.12";"0.000186827";"0.003342386";"-0.006681789";"0.006681789";"-0.009049836";"0.009076757";"2018"
"256";"Copernicus Akcji";"Subfundusz Akcji";"5.84";"Copernicus";2010-07-08;500;100;"0.6";NA;"3.25";"2";0;"20";"5.89";NA;NA;NA;NA;NA;NA;"2018"
"257";"Allianz Akcji";"subfundusz Allianz Akcji";"4.12";"Allianz";2004-01-28;200;50;"251.9";NA;"4";"4";0;"0";"4.08";"0.000414367";"0.006522208";"-0.012374106";"0.012374106";"-0.013879885";"0.015760875";"2018"
"258";"Allianz Akcji Globalnych";"Subfundusz Allianz Akcji Globalnych";"3.35";"Allianz";2014-01-09;200;50;"22.2";NA;"3";"4";0;"0";"3.35";"0.000498868";"0.00481005";"-0.010191961";"0.010191961";"-0.016960485";"0.015256038";"2018"
"259";"Allianz Akcji Ma³ych i Œrednich Spó³ek";"subfundusz Allianz Akcji Ma³ych i Œrednich Spó³ek";"4.15";"Allianz";2007-11-21;200;50;"164.5";NA;"4";"4";0;"0";"4.13";"0.000322348";"0.005775292";"-0.010502696";"0.010502696";"-0.012084384";"0.014682282";"2018"
"260";"Allianz Aktywnej Alokacji";"subfundusz Allianz Aktywnej Alokacji";"3.89";"Allianz";2005-12-16;200;50;"135.2";NA;"3.75";"3";0;"0";"3.88";"3.43567E-05";"0.002941762";"-0.005197525";"0.005197525";"-0.006378822";"0.006513009";"2018"
"261";"Allianz Defensywna Multistrategia";"Subfundusz Allianz Defensywna Multistrategia";"1.65";"Allianz";2016-01-18;500;100;"2.6";NA;"1.5";"2.5";0;"0";"1.65";"0.00012475";"0.001750886";"-0.003417016";"0.003417016";"-0.004792743";"0.004508317";"2018"
"262";"Allianz Dynamiczna Multistrategia";"Subfundusz Allianz Dynamiczna Multistrategia";"2.77";"Allianz";2016-01-18;500;100;"7";NA;"2.5";"4";0;"0";"2.77";"0.000281555";"0.005068416";"-0.00846328";"0.00846328";"-0.01253664";"0.011236699";"2018"
"263";"Allianz Dywidendowy Akcji Europejskich";"Subfundusz Allianz Dywidendowy Akcji Europejskich";"2.78";"Allianz";2016-01-18;500;100;"4.7";NA;"2.5";"4";0;"0";"2.77";"0.00027201";"0.005253814";"-0.010793079";"0.010793079";"-0.015336426";"0.014437483";"2018"
"264";"Allianz Europe Equity Growth Select";"Subfundusz Allianz Europe Equity Growth Select";"2.75";"Allianz";2016-06-10;500;100;"13.5";NA;"2.5";"4";0;"0";"2.75";"0.00044469";"0.005454024";"-0.009483422";"0.009483422";"-0.012207265";"0.012705344";"2018"
"265";"Allianz Globalny Stabilnego Dochodu";"Subfundusz Allianz Globalny Stabilnego Dochodu";"2.25";"Allianz";2015-10-15;200;50;"58.5";NA;"2";"3";0;"0";"2.25";"0.000192126";"0.001182166";"-0.002635341";"0.002635341";"-0.003319905";"0.002892847";"2018"
"266";"Allianz India Equity";"Subfundusz Allianz India Equity";"2.78";"Allianz";2016-06-20;500;100;"9.3";NA;"2.5";"4";0;"0";"2.77";"0.000980874";"0.005917497";"-0.010423131";"0.010423131";"-0.014544123";"0.013402326";"2018"
"267";"Allianz Ma³ych Spó³ek Europejskich";"Subfundusz Allianz Ma³ych Spó³ek Europejskich";"2.84";"Allianz";2016-01-18;500;100;"12.2";NA;"2.5";"4";0;"0";"2.84";"0.000506605";"0.005970847";"-0.010352551";"0.010352551";"-0.016012941";"0.01244347";"2018"
"268";"Allianz Obligacji Plus";"subfundusz Allianz Obligacji Plus";"1.62";"Allianz";2004-01-28;200;50;"231.3";NA;"1.5";"2";0;"0";"1.51";"0.00010262";"0.000279079";"-0.000617339";"0.000617339";"-0.001238113";"0.000777433";"2018"
"269";"Allianz Pieniê¿ny";"subfundusz Allianz Pieniê¿ny";"1.11";"Allianz";2005-12-16;200;50;"344";NA;"1";"0";0;"0";"1.01";"0.00010723";"0.000224578";"-0.000552458";"0.000552458";"NaN";"0.000810625";"2018"
"270";"Allianz Polskich Obligacji Skarbowych";"subfundusz Allianz Polskich Obligacji Skarbowych";"1.65";"Allianz";2005-12-16;200;50;"99.1";NA;"1.5";"1.5";0;"0";"1.65";"0.000138997";"0.00075696";"-0.001911962";"0.001911962";"-0.002867342";"0.002446295";"2018"
"271";"Allianz Selektywny";"subfundusz Allianz Selektywny";"4.16";"Allianz";2007-11-21;200;50;"93.2";NA;"4";"4";0;"0";"4.15";"0.000401812";"0.00655354";"-0.011863956";"0.011863956";"-0.013743903";"0.015177566";"2018"
"272";"Allianz Stabilnego Wzrostu";"subfundusz Allianz Stabilnego Wzrostu";"3.62";"Allianz";2004-01-28;200;50;"228.5";NA;"3.5";"3";0;"0";"3.55";"0.000188386";"0.00223977";"-0.00450258";"0.00450258";"-0.005336559";"0.005038249";"2018"
"273";"Allianz Surowców i Energii";"Subfundusz Allianz Surowców i Energii";"3.38";"Allianz";2014-01-09;200;50;"17.5";NA;"3";"4";0;"0";"3.27";"-0.000146572";"0.003973442";"-0.008920723";"0.008920723";"-0.012148554";"0.009626873";"2018"
"274";"Allianz Zbalansowana Multistrategia";"Subfundusz Allianz Zbalansowana Multistrategia";"2.18";"Allianz";2016-01-18;500;100;"4.6";NA;"2";"3.5";0;"0";"2.18";"0.00023923";"0.003701879";"-0.00620023";"0.00620023";"-0.009264757";"0.00817994";"2018"
"275";"Copernicus D³u¿ny Skarbowy Plus";"Subfundusz D³u¿ny Skarbowy Plus";"3.7";"Copernicus";2012-07-16;500;100;"2.6";NA;"1.2";"1";0;"0";"";NA;NA;NA;NA;NA;NA;"2018"
"276";"Eques Akcji";"Subfundusz EQUES Akcji SFIO";"6.9";"Eques";2012-05-17;100000;10000;"2.4";NA;"4.25";"3.5";0;"10";"7.93";"0.000611857";"0.00666275";"-0.011282555";"0.011282555";"-0.01498247";"0.014832525";"2018"
"277";"Eques Aktywnej Alokacji";"Subfundusz Eques Aktywnej Alokacji SFIO";"5.47";"Eques";2012-05-17;100000;10000;"0.6";NA;"4";"3.25";0;"10";"5.8";"0.000383856";"0.003548738";"-0.006905447";"0.006905447";"-0.009050403";"0.009273027";"2018"
"278";"Eques Obligacji";"Subfundusz EQUES Obligacji SFIO";"1.98";"Eques";2012-05-17;100000;10000;"2";NA;"1.75";"0.75";0;"5";"2.11";"0.000139635";"0.00084638";"-0.001583406";"0.001583406";"-0.001814766";"0.00193833";"2018"
"279";"Eques Pieniê¿ny";"Subfundusz EQUES Pieniê¿ny SFIO";"1.47";"Eques";2012-05-17;100000;10000;"1.9";NA;"0.9";"0";0;"0";"1.47";"6.34832E-05";"0.000283806";"-0.000557762";"0.000557762";"-0.000834812";"0.000836104";"2018"
"280";"Copernicus Spó³ek Wzrostowych";"Subfundusz Spó³ek Wzrostowych";"5.17";"Copernicus";2010-07-08;500;100;"1.9";NA;"3.25";"2";0;"20";"5.19";NA;NA;NA;NA;NA;NA;"2018"
